Station information:,,,,,,,,,,
Name,Agent Number,Network Number,Latitude (dec.deg),Longitude (dec.deg),Height (m),Posn_Precision,Observing Authority,,,
Whitianga Ews,40981,B65863,-36.828,175.672,1,G,Niwa,,,
"Note: Position precision types are: ""W"" = based on whole minutes"," ""T"" = estimated to tenth minute",,,,,,,,,
G = derived from gridref ," ""E"" = error cases derived from gridref",,,,,,,,,
H = based on GPS readings (NZGD49)," ""D"" = by definition i.e. grid points.",,,,,,,,,
,,,,,,,,,,
Surface Wind: 9am only,,,,,,,,,,
Station,Date(NZST),Time(NZST),Dir(DegT),Speed(m/s),Dir StdDev,Spd StdDev,Period(Hrs),Freq,Latitude (dec.deg),Longitude (dec.deg)
40981,2020,Mar,13,8,209,1.8,15.8,0.5,-36.82817,175.67231
40981,2020,Mar,14,8,213,1.8,18,0.4,-36.82817,175.67231
40981,2020,Mar,15,8,187,0.3,16.8,0.3,-36.82817,175.67231
40981,2020,Mar,16,8,0,0,0,0,-36.82817,175.67231
40981,2020,Mar,17,8,167,4.5,17.7,1.4,-36.82817,175.67231
40981,2020,Mar,18,8,198,1.5,18.5,0.7,-36.82817,175.67231
40981,2020,Mar,19,8,212,0.6,24.9,0.4,-36.82817,175.67231
40981,2020,Mar,20,8,275,2.8,24,1.3,-36.82817,175.67231
40981,2020,Mar,21,8,342,0.3,49.9,0.3,-36.82817,175.67231
40981,2020,Mar,22,8,201,0.3,42,0.2,-36.82817,175.67231
40981,2020,Mar,23,8,340,0.9,37.4,0.8,-36.82817,175.67231
40981,2020,Mar,24,8,224,4.3,22.8,1.7,-36.82817,175.67231
40981,2020,Mar,25,8,209,0.7,21.4,0.3,-36.82817,175.67231
40981,2020,Mar,26,8,140,0.1,37.8,0.2,-36.82817,175.67231
40981,2020,Mar,27,8,169,0.3,47.6,0.3,-36.82817,175.67231
40981,2020,Mar,28,8,197,0.6,67.7,0.8,-36.82817,175.67231
40981,2020,Mar,29,8,192,0.3,59.2,0.3,-36.82817,175.67231
40981,2020,Mar,30,8,224,0.5,35.8,0.4,-36.82817,175.67231
40981,2020,Mar,31,8,162,0.3,42,0.3,-36.82817,175.67231
40981,2020,Apr,1,8,270,0.3,72.5,0.3,-36.82817,175.67231
40981,2020,Apr,2,8,198,0.2,46.5,0.2,-36.82817,175.67231
40981,2020,Apr,3,8,210,0.1,24.5,0.1,-36.82817,175.67231
40981,2020,Apr,4,8,71,0.3,49.8,0.3,-36.82817,175.67231
40981,2020,Apr,5,9,243,0.9,39.9,0.6,-36.82817,175.67231
40981,2020,Apr,6,9,211,1.9,29.1,0.7,-36.82817,175.67231
40981,2020,Apr,7,9,182,0.5,26.3,0.4,-36.82817,175.67231
40981,2020,Apr,8,9,228,0.4,19.4,0.4,-36.82817,175.67231
40981,2020,Apr,9,9,231,3.6,16.1,1.1,-36.82817,175.67231
40981,2020,Apr,10,9,198,1,31.9,0.7,-36.82817,175.67231
40981,2020,Apr,11,9,207,0.2,17.1,0.2,-36.82817,175.67231
40981,2020,Apr,12,9,227,0.5,25,0.4,-36.82817,175.67231
40981,2020,Apr,13,9,288,2.4,41.6,1.3,-36.82817,175.67231
40981,2020,Apr,14,9,252,7.3,22.8,2.5,-36.82817,175.67231
40981,2020,Apr,15,9,244,2.4,21.9,1.1,-36.82817,175.67231
40981,2020,Apr,16,9,244,3.3,26,1.2,-36.82817,175.67231
40981,2020,Apr,17,9,281,3,30.4,1.4,-36.82817,175.67231
40981,2020,Apr,18,9,332,2.3,44.3,1.2,-36.82817,175.67231
40981,2020,Apr,19,9,288,4.1,23.5,1.3,-36.82817,175.67231
40981,2020,Apr,20,9,204,0.5,26.8,0.4,-36.82817,175.67231
40981,2020,Apr,21,9,230,0.4,68.4,0.3,-36.82817,175.67231
40981,2020,Apr,22,9,44,0.4,60.1,0.5,-36.82817,175.67231
40981,2020,Apr,23,9,0,0,0.1,0.1,-36.82817,175.67231
40981,2020,Apr,24,9,222,1,18.2,0.4,-36.82817,175.67231
40981,2020,Apr,25,9,232,4.5,16.6,1.4,-36.82817,175.67231
40981,2020,Apr,26,9,212,1.6,28.5,0.7,-36.82817,175.67231
40981,2020,Apr,27,9,0,0,17.8,0.1,-36.82817,175.67231
40981,2020,Apr,28,9,226,3.6,17.3,1.2,-36.82817,175.67231
40981,2020,Apr,29,9,0,0,4.6,0,-36.82817,175.67231
40981,2020,Apr,30,9,0,0,22.1,0.1,-36.82817,175.67231
40981,2020,May,1,9,0,0,2.6,0,-36.82817,175.67231
40981,2020,May,2,9,0,0,7.6,0,-36.82817,175.67231
40981,2020,May,3,9,10,6.8,18.6,2.2,-36.82817,175.67231
40981,2020,May,4,9,15,1.7,19.8,0.6,-36.82817,175.67231
40981,2020,May,5,9,257,1.8,59.3,1.3,-36.82817,175.67231
40981,2020,May,6,9,232,4,19,1.2,-36.82817,175.67231
40981,2020,May,7,9,236,0.4,35.3,0.3,-36.82817,175.67231
40981,2020,May,8,9,201,1.1,59.2,0.8,-36.82817,175.67231
40981,2020,May,9,9,183,0.1,42.9,0.2,-36.82817,175.67231
40981,2020,May,10,9,72,1.9,22.4,0.9,-36.82817,175.67231
40981,2020,May,11,9,83,1.6,24.6,0.8,-36.82817,175.67231
40981,2020,May,12,9,87,4.4,16.9,1.4,-36.82817,175.67231
40981,2020,May,13,9,84,3.8,31.6,1.3,-36.82817,175.67231
40981,2020,May,14,9,220,1.2,20.1,0.5,-36.82817,175.67231
40981,2020,May,15,9,0,0,12.5,0.1,-36.82817,175.67231
40981,2020,May,16,9,230,1.4,14,0.4,-36.82817,175.67231
40981,2020,May,17,9,228,1.8,13.1,0.4,-36.82817,175.67231
40981,2020,May,18,9,217,1.5,15.9,0.6,-36.82817,175.67231
40981,2020,May,19,9,207,0.1,27.9,0.2,-36.82817,175.67231
40981,2020,May,20,9,257,0.2,35.9,0.3,-36.82817,175.67231
40981,2020,May,21,9,221,0.5,51.1,0.4,-36.82817,175.67231
40981,2020,May,22,9,224,0.1,52.9,0.2,-36.82817,175.67231
40981,2020,May,23,9,230,0.2,4.6,0.3,-36.82817,175.67231
40981,2020,May,24,9,44,2.7,23.9,1.1,-36.82817,175.67231
40981,2020,May,25,9,311,2.1,20.8,0.9,-36.82817,175.67231
40981,2020,May,26,9,209,0.7,21.3,0.4,-36.82817,175.67231
40981,2020,May,27,9,90,2.9,17.5,1,-36.82817,175.67231
40981,2020,May,28,9,222,0.5,22.8,0.3,-36.82817,175.67231
40981,2020,May,29,9,221,0.1,13.6,0.1,-36.82817,175.67231
40981,2020,May,30,9,218,0.6,14,0.6,-36.82817,175.67231
40981,2020,May,31,9,96,6.2,13.1,1.8,-36.82817,175.67231
40981,2020,Jun,1,9,122,6.7,22,2.6,-36.82817,175.67231
40981,2020,Jun,2,9,211,1.8,63.6,1.1,-36.82817,175.67231
40981,2020,Jun,3,9,216,0.5,22.8,0.5,-36.82817,175.67231
40981,2020,Jun,4,9,343,2.4,41,1,-36.82817,175.67231
40981,2020,Jun,5,9,66,0.1,35.4,0.1,-36.82817,175.67231
40981,2020,Jun,6,9,255,1.1,37.2,1,-36.82817,175.67231
40981,2020,Jun,7,9,240,2.6,22.4,1,-36.82817,175.67231
40981,2020,Jun,8,9,222,0.8,24.6,0.4,-36.82817,175.67231
40981,2020,Jun,9,9,224,0.8,31.7,0.6,-36.82817,175.67231
40981,2020,Jun,10,9,216,0.2,9.8,0.3,-36.82817,175.67231
40981,2020,Jun,11,9,222,0.3,76.7,0.3,-36.82817,175.67231
40981,2020,Jun,12,9,245,1.7,32.8,0.9,-36.82817,175.67231
40981,2020,Jun,13,9,16,0.3,52.7,0.3,-36.82817,175.67231
40981,2020,Jun,14,9,228,0.8,24.3,0.5,-36.82817,175.67231
40981,2020,Jun,15,9,229,0.1,20.4,0.2,-36.82817,175.67231
40981,2020,Jun,16,9,236,0.1,0,0.1,-36.82817,175.67231
40981,2020,Jun,17,9,185,0.1,32.9,0.1,-36.82817,175.67231
40981,2020,Jun,18,9,188,0.1,21.2,0.2,-36.82817,175.67231
40981,2020,Jun,19,9,0,0,0,0.1,-36.82817,175.67231
40981,2020,Jun,20,9,0,0,1,0.1,-36.82817,175.67231
40981,2020,Jun,21,9,159,3.3,21.1,1.1,-36.82817,175.67231
40981,2020,Jun,22,9,159,2.4,21.9,0.9,-36.82817,175.67231
40981,2020,Jun,23,9,84,3.8,17.8,1.5,-36.82817,175.67231
40981,2020,Jun,24,9,59,3,27.2,1.4,-36.82817,175.67231
40981,2020,Jun,25,9,89,4.8,20.7,1.4,-36.82817,175.67231
40981,2020,Jun,26,9,237,0.7,50.3,0.6,-36.82817,175.67231
40981,2020,Jun,27,9,37,2.6,21.5,0.9,-36.82817,175.67231
40981,2020,Jun,28,9,300,2.7,20,1,-36.82817,175.67231
40981,2020,Jun,29,9,308,0.1,32.4,0.2,-36.82817,175.67231
40981,2020,Jun,30,9,205,1.4,20.5,0.4,-36.82817,175.67231
40981,2020,Jul,1,9,191,0.1,45.9,0.3,-36.82817,175.67231
40981,2020,Jul,2,9,245,2.3,45.6,2,-36.82817,175.67231
40981,2020,Jul,3,9,192,0.5,48.7,0.5,-36.82817,175.67231
40981,2020,Jul,4,9,217,0.4,33,0.5,-36.82817,175.67231
40981,2020,Jul,5,9,226,0.4,80.8,0.4,-36.82817,175.67231
40981,2020,Jul,6,9,354,1.8,42,0.8,-36.82817,175.67231
40981,2020,Jul,7,9,276,6.2,30.1,2.5,-36.82817,175.67231
40981,2020,Jul,8,9,280,4.2,33.4,2.1,-36.82817,175.67231
40981,2020,Jul,9,9,240,1.4,34.7,0.8,-36.82817,175.67231
40981,2020,Jul,10,9,313,0.1,27.5,0.2,-36.82817,175.67231
40981,2020,Jul,11,9,85,0.4,51.9,0.4,-36.82817,175.67231
40981,2020,Jul,12,9,181,0.6,79,0.5,-36.82817,175.67231
40981,2020,Jul,13,9,271,3.3,22.2,1.1,-36.82817,175.67231
40981,2020,Jul,14,9,247,0.3,53.9,0.4,-36.82817,175.67231
40981,2020,Jul,15,9,203,0.4,55,0.3,-36.82817,175.67231
40981,2020,Jul,16,9,101,5.7,17.2,1.8,-36.82817,175.67231
40981,2020,Jul,17,9,176,3.2,19,1.1,-36.82817,175.67231
40981,2020,Jul,18,9,264,0.2,50.9,0.3,-36.82817,175.67231
40981,2020,Jul,19,9,79,2.7,29.4,1.4,-36.82817,175.67231
40981,2020,Jul,20,9,82,3.8,19,1.3,-36.82817,175.67231
40981,2020,Jul,21,9,215,0.6,48.3,0.6,-36.82817,175.67231
40981,2020,Jul,22,9,282,1.7,68.3,1.2,-36.82817,175.67231
40981,2020,Jul,23,9,253,5.6,24.8,2,-36.82817,175.67231
40981,2020,Jul,24,9,237,1.7,25.9,0.9,-36.82817,175.67231
40981,2020,Jul,25,9,245,0.3,59.7,0.3,-36.82817,175.67231
40981,2020,Jul,26,9,179,0.4,29.2,0.5,-36.82817,175.67231
40981,2020,Jul,27,9,216,0.3,46.2,0.4,-36.82817,175.67231
40981,2020,Jul,28,9,11,1.4,13.1,0.5,-36.82817,175.67231
40981,2020,Jul,29,9,214,0.2,27.4,0.2,-36.82817,175.67231
40981,2020,Jul,30,9,236,0.1,2,0.1,-36.82817,175.67231
40981,2020,Jul,31,9,45,2.9,25.1,1.1,-36.82817,175.67231
40981,2020,Aug,1,9,44,4.4,21,1.5,-36.82817,175.67231
40981,2020,Aug,2,9,59,3.7,25.6,1.4,-36.82817,175.67231
40981,2020,Aug,3,9,81,2.3,26.5,1.2,-36.82817,175.67231
40981,2020,Aug,4,9,348,0.3,58.6,0.3,-36.82817,175.67231
40981,2020,Aug,5,9,242,0.3,50.2,0.3,-36.82817,175.67231
40981,2020,Aug,6,9,208,0.1,0.1,0.1,-36.82817,175.67231
40981,2020,Aug,7,9,276,2.7,26.7,1,-36.82817,175.67231
40981,2020,Aug,8,9,268,1.9,17.8,0.7,-36.82817,175.67231
40981,2020,Aug,9,9,84,0.3,44.9,0.5,-36.82817,175.67231
40981,2020,Aug,10,9,9,1.1,67.8,0.7,-36.82817,175.67231
40981,2020,Aug,11,9,209,0.3,34.4,0.3,-36.82817,175.67231
40981,2020,Aug,12,9,233,1.5,14.6,0.5,-36.82817,175.67231
40981,2020,Aug,13,9,217,0.3,25.6,0.2,-36.82817,175.67231
40981,2020,Aug,14,9,156,2.7,26.8,1.2,-36.82817,175.67231
40981,2020,Aug,15,9,188,0.1,19.2,0.2,-36.82817,175.67231
40981,2020,Aug,16,9,194,0.2,33.5,0.3,-36.82817,175.67231
40981,2020,Aug,17,9,203,0.7,46.6,0.8,-36.82817,175.67231
40981,2020,Aug,18,9,54,3.9,24.6,1.4,-36.82817,175.67231
40981,2020,Aug,19,9,42,5.4,20.5,1.8,-36.82817,175.67231
40981,2020,Aug,20,9,286,2,38.5,1.1,-36.82817,175.67231
40981,2020,Aug,21,9,303,4.7,30.7,2,-36.82817,175.67231
40981,2020,Aug,22,9,277,2.6,24.8,1.3,-36.82817,175.67231
40981,2020,Aug,23,9,298,0.1,44.4,0.2,-36.82817,175.67231
40981,2020,Aug,24,9,336,3,32.1,1.3,-36.82817,175.67231
40981,2020,Aug,25,9,296,5.8,27.2,2.5,-36.82817,175.67231
40981,2020,Aug,26,9,255,3.2,25.3,1.3,-36.82817,175.67231
40981,2020,Aug,27,9,232,2.3,33.9,1.2,-36.82817,175.67231
40981,2020,Aug,28,9,242,3,19.5,0.8,-36.82817,175.67231
40981,2020,Aug,29,9,189,0.4,43.4,0.4,-36.82817,175.67231
40981,2020,Aug,30,9,236,2.2,32.6,1.2,-36.82817,175.67231
40981,2020,Aug,31,9,242,3.4,28.8,1.7,-36.82817,175.67231
40981,2020,Sep,1,9,256,1.4,55.9,1.1,-36.82817,175.67231
40981,2020,Sep,2,9,246,0.6,16.4,0.4,-36.82817,175.67231
40981,2020,Sep,3,9,204,4.3,16.1,1.3,-36.82817,175.67231
40981,2020,Sep,4,9,157,0.3,67.3,0.3,-36.82817,175.67231
40981,2020,Sep,5,9,228,2.8,25.3,1.2,-36.82817,175.67231
40981,2020,Sep,6,9,339,1.6,36.5,0.8,-36.82817,175.67231
40981,2020,Sep,7,9,223,1.7,38.8,0.6,-36.82817,175.67231
40981,2020,Sep,8,9,207,1.1,39.8,0.8,-36.82817,175.67231
40981,2020,Sep,9,9,94,0.6,21.5,0.4,-36.82817,175.67231
40981,2020,Sep,10,9,262,1.8,35.3,0.9,-36.82817,175.67231
40981,2020,Sep,11,9,193,2.2,24.6,0.9,-36.82817,175.67231
40981,2020,Sep,12,9,200,2.8,24.5,1,-36.82817,175.67231
40981,2020,Sep,13,9,232,2.1,33.4,1,-36.82817,175.67231
40981,2020,Sep,14,9,249,4,22.3,1.5,-36.82817,175.67231
40981,2020,Sep,15,9,274,3.8,39.6,1.8,-36.82817,175.67231
40981,2020,Sep,16,9,243,3,63,1.9,-36.82817,175.67231
40981,2020,Sep,17,9,242,3.1,30.8,1.6,-36.82817,175.67231
40981,2020,Sep,18,9,306,3.6,37.8,1.7,-36.82817,175.67231
40981,2020,Sep,19,9,231,3.7,19.2,1.4,-36.82817,175.67231
40981,2020,Sep,20,9,124,2.3,80.9,1.6,-36.82817,175.67231
40981,2020,Sep,21,9,139,0.4,54.3,0.3,-36.82817,175.67231
40981,2020,Sep,22,9,134,0.5,38.2,0.3,-36.82817,175.67231
40981,2020,Sep,23,9,349,1.7,32.5,0.8,-36.82817,175.67231
40981,2020,Sep,24,9,339,3.1,38.8,1.3,-36.82817,175.67231
40981,2020,Sep,25,9,277,1.6,46.5,1,-36.82817,175.67231
40981,2020,Sep,26,9,148,0.6,49.8,0.3,-36.82817,175.67231
40981,2020,Sep,27,8,359,6.4,20.3,2.2,-36.82817,175.67231
40981,2020,Sep,28,8,254,4.6,23.2,1.6,-36.82817,175.67231
40981,2020,Sep,29,8,250,5.6,27.5,2.4,-36.82817,175.67231
40981,2020,Sep,30,8,241,1.1,85.9,0.8,-36.82817,175.67231
40981,2020,Oct,1,8,217,0.8,62.1,0.4,-36.82817,175.67231
40981,2020,Oct,2,8,140,0.4,65.5,0.3,-36.82817,175.67231
40981,2020,Oct,3,8,186,0.4,23.1,0.2,-36.82817,175.67231
40981,2020,Oct,4,8,244,2.1,42.4,1.7,-36.82817,175.67231
40981,2020,Oct,5,8,56,0.3,42.8,0.3,-36.82817,175.67231
40981,2020,Oct,6,8,73,1,41,0.4,-36.82817,175.67231
40981,2020,Oct,7,8,230,3,22.2,1.4,-36.82817,175.67231
40981,2020,Oct,8,8,204,1.1,19.8,0.5,-36.82817,175.67231
40981,2020,Oct,9,8,67,4,23.9,1.7,-36.82817,175.67231
40981,2020,Oct,10,8,50,3.7,23,1.3,-36.82817,175.67231
40981,2020,Oct,11,8,32,3,16.6,1.1,-36.82817,175.67231
40981,2020,Oct,12,8,12,4,17.5,1.3,-36.82817,175.67231
40981,2020,Oct,13,8,360,5.1,17.8,1.5,-36.82817,175.67231
40981,2020,Oct,14,8,236,2,19.1,0.8,-36.82817,175.67231
40981,2020,Oct,15,8,153,0.5,58.2,0.5,-36.82817,175.67231
40981,2020,Oct,16,8,241,1.4,26.6,0.7,-36.82817,175.67231
40981,2020,Oct,17,8,147,0.4,59.1,0.3,-36.82817,175.67231
40981,2020,Oct,18,8,150,0.6,35.3,0.4,-36.82817,175.67231
40981,2020,Oct,19,8,169,0.3,40.8,0.3,-36.82817,175.67231
40981,2020,Oct,20,8,291,4,27,1.6,-36.82817,175.67231
40981,2020,Oct,21,8,276,2,35.9,1.1,-36.82817,175.67231
40981,2020,Oct,22,8,158,0.6,58.7,0.4,-36.82817,175.67231
40981,2020,Oct,23,8,194,0.1,23.1,0.1,-36.82817,175.67231
40981,2020,Oct,24,8,197,1.1,32.8,0.4,-36.82817,175.67231
40981,2020,Oct,25,8,178,0.8,64.5,0.4,-36.82817,175.67231
40981,2020,Oct,26,8,128,0.5,38.8,0.3,-36.82817,175.67231
40981,2020,Oct,27,8,124,0.7,23.9,0.3,-36.82817,175.67231
40981,2020,Oct,28,8,135,1.5,17.7,0.7,-36.82817,175.67231
40981,2020,Oct,29,8,60,1.1,68.7,0.7,-36.82817,175.67231
40981,2020,Oct,30,8,202,0.5,21.5,0.3,-36.82817,175.67231
40981,2020,Oct,31,8,216,0.6,30.4,0.3,-36.82817,175.67231
40981,2020,Nov,1,8,238,3.7,19.2,1.4,-36.82817,175.67231
40981,2020,Nov,2,8,109,0.7,27,0.4,-36.82817,175.67231
40981,2020,Nov,3,8,17,3.8,16,1.1,-36.82817,175.67231
40981,2020,Nov,4,8,44,2.4,21.6,0.8,-36.82817,175.67231
40981,2020,Nov,5,8,34,2.9,15.4,0.9,-36.82817,175.67231
40981,2020,Nov,6,8,319,1.2,67.8,0.7,-36.82817,175.67231
40981,2020,Nov,7,8,155,0.6,93,0.4,-36.82817,175.67231
40981,2020,Nov,8,8,278,3.5,32.1,1.6,-36.82817,175.67231
40981,2020,Nov,9,8,176,0.4,73.2,0.3,-36.82817,175.67231
40981,2020,Nov,10,8,222,1.4,16.1,0.5,-36.82817,175.67231
40981,2020,Nov,11,8,232,3.8,16.9,1.2,-36.82817,175.67231
40981,2020,Nov,12,8,213,5.4,18.7,1.5,-36.82817,175.67231
40981,2020,Nov,13,8,110,0.6,38.5,0.4,-36.82817,175.67231
40981,2020,Nov,14,8,155,1,55.6,0.8,-36.82817,175.67231
40981,2020,Nov,15,8,176,1.6,67.1,0.6,-36.82817,175.67231
40981,2020,Nov,16,8,109,0.8,18,0.4,-36.82817,175.67231
40981,2020,Nov,17,8,226,2.8,17.5,1,-36.82817,175.67231
40981,2020,Nov,18,8,253,2,32.5,1.3,-36.82817,175.67231
40981,2020,Nov,19,8,219,5,18.6,1.3,-36.82817,175.67231
40981,2020,Nov,20,8,170,1.6,25.3,0.6,-36.82817,175.67231
40981,2020,Nov,21,8,235,2.5,26.7,0.9,-36.82817,175.67231
40981,2020,Nov,22,8,262,2.3,80.5,1.4,-36.82817,175.67231
40981,2020,Nov,23,8,146,1.4,29.8,0.6,-36.82817,175.67231
40981,2020,Nov,24,8,219,0.3,24.2,0.2,-36.82817,175.67231
40981,2020,Nov,25,8,202,1,27,0.5,-36.82817,175.67231
40981,2020,Nov,26,8,20,1.7,92.7,1.2,-36.82817,175.67231
40981,2020,Nov,27,8,253,3.8,21.8,1.4,-36.82817,175.67231
40981,2020,Nov,28,8,222,3.6,20.6,1.1,-36.82817,175.67231
40981,2020,Nov,29,8,279,2.1,22.4,1,-36.82817,175.67231
40981,2020,Nov,30,8,299,1.1,77.7,0.6,-36.82817,175.67231
40981,2020,Dec,1,8,217,3,22.1,1,-36.82817,175.67231
40981,2020,Dec,2,8,326,0.3,78,0.3,-36.82817,175.67231
40981,2020,Dec,3,8,289,3.4,28.2,1.3,-36.82817,175.67231
40981,2020,Dec,4,8,213,3.8,19.9,1.3,-36.82817,175.67231
40981,2020,Dec,5,8,189,0.7,70.9,0.7,-36.82817,175.67231
40981,2020,Dec,6,8,220,3.7,19.9,1.3,-36.82817,175.67231
40981,2020,Dec,7,8,350,0.9,71,0.8,-36.82817,175.67231
40981,2020,Dec,8,8,284,2.9,34.8,1.3,-36.82817,175.67231
40981,2020,Dec,9,8,23,1.8,36.8,0.8,-36.82817,175.67231
40981,2020,Dec,10,8,330,2.1,31.3,0.9,-36.82817,175.67231
40981,2020,Dec,11,8,230,3.2,26.9,1.3,-36.82817,175.67231
40981,2020,Dec,12,8,251,4.5,24.1,1.5,-36.82817,175.67231
40981,2020,Dec,13,8,227,6.2,18.4,1.8,-36.82817,175.67231
40981,2020,Dec,14,8,195,0.7,59.8,0.5,-36.82817,175.67231
40981,2020,Dec,15,8,78,0.6,50.6,0.4,-36.82817,175.67231
40981,2020,Dec,16,8,210,2.8,15.2,0.7,-36.82817,175.67231
40981,2020,Dec,17,8,220,4.4,18.8,1.3,-36.82817,175.67231
40981,2020,Dec,18,8,32,1.1,33.8,0.8,-36.82817,175.67231
40981,2020,Dec,19,8,221,0.5,57.9,0.4,-36.82817,175.67231
40981,2020,Dec,20,8,75,0.9,18.9,0.5,-36.82817,175.67231
40981,2020,Dec,21,8,76,1,62.9,0.4,-36.82817,175.67231
40981,2020,Dec,22,8,58,1.9,43.7,1,-36.82817,175.67231
40981,2020,Dec,23,8,23,0.3,35.1,0.3,-36.82817,175.67231
40981,2020,Dec,24,8,359,2.7,21,0.9,-36.82817,175.67231
40981,2020,Dec,25,8,234,3.6,23.6,1.4,-36.82817,175.67231
40981,2020,Dec,26,8,233,2.4,35.8,1.5,-36.82817,175.67231
40981,2020,Dec,27,8,204,2.3,34,1.3,-36.82817,175.67231
40981,2020,Dec,28,8,205,2.4,21.3,0.8,-36.82817,175.67231
40981,2020,Dec,29,8,221,3.2,26.6,1.4,-36.82817,175.67231
40981,2020,Dec,30,8,217,3.1,18,0.9,-36.82817,175.67231
40981,2020,Dec,31,8,153,2,31.7,1,-36.82817,175.67231
40981,2021,Jan,1,8,136,0.6,47.3,0.4,-36.82817,175.67231
40981,2021,Jan,2,8,168,0.6,51.2,0.4,-36.82817,175.67231
40981,2021,Jan,3,8,172,0.6,71.7,0.6,-36.82817,175.67231
40981,2021,Jan,4,8,120,0.4,41.8,0.3,-36.82817,175.67231
40981,2021,Jan,5,8,111,0.6,36.2,0.4,-36.82817,175.67231
40981,2021,Jan,6,8,138,0.8,35.5,0.4,-36.82817,175.67231
40981,2021,Jan,7,8,230,1.7,19.5,0.5,-36.82817,175.67231
40981,2021,Jan,8,8,192,0.5,78.6,0.3,-36.82817,175.67231
40981,2021,Jan,9,8,139,0.5,61,0.3,-36.82817,175.67231
40981,2021,Jan,10,8,221,1.9,24.7,0.6,-36.82817,175.67231
40981,2021,Jan,11,8,216,3.5,24.2,1.4,-36.82817,175.67231
40981,2021,Jan,12,8,236,0.3,80.6,0.4,-36.82817,175.67231
40981,2021,Jan,13,8,96,4.2,15,1.2,-36.82817,175.67231
40981,2021,Jan,14,8,186,0.8,54.4,0.5,-36.82817,175.67231
40981,2021,Jan,15,8,202,1.3,24.6,0.9,-36.82817,175.67231
40981,2021,Jan,16,8,223,0.6,39.1,1,-36.82817,175.67231
40981,2021,Jan,17,8,152,0.8,45.3,0.4,-36.82817,175.67231
40981,2021,Jan,18,8,243,3.2,30.9,1.6,-36.82817,175.67231
40981,2021,Jan,19,8,327,1.7,44.9,0.9,-36.82817,175.67231
40981,2021,Jan,20,8,281,1.9,44.6,1.1,-36.82817,175.67231
40981,2021,Jan,21,8,236,2.4,30.7,1.2,-36.82817,175.67231
40981,2021,Jan,22,8,216,0.9,48.5,1,-36.82817,175.67231
40981,2021,Jan,23,8,222,2.5,35.7,1.5,-36.82817,175.67231
40981,2021,Jan,24,8,252,5,22.1,1.7,-36.82817,175.67231
40981,2021,Jan,25,8,215,3.5,18,1,-36.82817,175.67231
40981,2021,Jan,26,8,226,4,21.8,1.3,-36.82817,175.67231
40981,2021,Jan,27,8,0,0,1.3,0,-36.82817,175.67231
40981,2021,Jan,28,8,290,1.2,65.3,1.3,-36.82817,175.67231
40981,2021,Jan,29,8,222,6.9,18.5,1.9,-36.82817,175.67231
40981,2021,Jan,30,8,223,1,27.8,0.6,-36.82817,175.67231
40981,2021,Jan,31,8,187,0.7,16.5,0.5,-36.82817,175.67231
40981,2021,Feb,1,8,207,1.4,23.3,0.7,-36.82817,175.67231
40981,2021,Feb,2,8,0,0,14.2,0,-36.82817,175.67231
40981,2021,Feb,3,8,168,0.6,38.6,0.3,-36.82817,175.67231
40981,2021,Feb,4,8,206,0.5,26.2,0.6,-36.82817,175.67231
40981,2021,Feb,5,8,92,2,16.3,0.7,-36.82817,175.67231
40981,2021,Feb,6,8,202,1.6,29.4,0.6,-36.82817,175.67231
40981,2021,Feb,7,8,201,1.1,30.5,0.6,-36.82817,175.67231
40981,2021,Feb,8,8,178,0.7,27.1,0.5,-36.82817,175.67231
40981,2021,Feb,9,8,210,0.1,35.4,0.2,-36.82817,175.67231
40981,2021,Feb,10,8,8,3.8,20,1.1,-36.82817,175.67231
40981,2021,Feb,11,8,210,1.8,16.5,0.7,-36.82817,175.67231
40981,2021,Feb,12,8,222,3.2,28.5,1.5,-36.82817,175.67231
40981,2021,Feb,13,8,197,0.2,37.9,0.2,-36.82817,175.67231
40981,2021,Feb,14,8,202,0.2,9.8,0.3,-36.82817,175.67231
40981,2021,Feb,15,8,75,3.6,25,1.5,-36.82817,175.67231
40981,2021,Feb,16,8,221,1,25.9,0.5,-36.82817,175.67231
40981,2021,Feb,17,8,176,3.2,17.3,1,-36.82817,175.67231
40981,2021,Feb,18,8,191,2.2,18.7,0.8,-36.82817,175.67231
40981,2021,Feb,19,8,136,0.2,26,0.3,-36.82817,175.67231
40981,2021,Feb,20,8,94,0.1,16.1,0.2,-36.82817,175.67231
40981,2021,Feb,21,8,0,0,15.1,0.1,-36.82817,175.67231
40981,2021,Feb,22,8,176,0.1,34,0.2,-36.82817,175.67231
40981,2021,Feb,23,8,35,3.8,17.6,1.2,-36.82817,175.67231
40981,2021,Feb,24,8,99,0.6,62.6,0.5,-36.82817,175.67231
40981,2021,Feb,25,8,0,0,29.5,0.1,-36.82817,175.67231
40981,2021,Feb,26,8,219,0.5,48.6,0.5,-36.82817,175.67231
40981,2021,Feb,27,8,222,0.1,55.6,0.2,-36.82817,175.67231
40981,2021,Feb,28,8,210,0.3,11.4,0.3,-36.82817,175.67231
40981,2021,Mar,1,8,203,0.6,18.6,0.5,-36.82817,175.67231
40981,2021,Mar,2,8,206,0.6,15.9,0.4,-36.82817,175.67231
40981,2021,Mar,3,8,102,0.2,41.8,0.3,-36.82817,175.67231
40981,2021,Mar,4,8,206,0.5,43.9,0.5,-36.82817,175.67231
40981,2021,Mar,5,8,116,0.1,32.8,0.2,-36.82817,175.67231
40981,2021,Mar,6,8,197,0.4,13.2,0.4,-36.82817,175.67231
40981,2021,Mar,7,8,257,2.4,18.2,1,-36.82817,175.67231
40981,2021,Mar,8,8,234,5.1,18.5,1.9,-36.82817,175.67231
40981,2021,Mar,9,8,243,0.4,40.8,0.4,-36.82817,175.67231
40981,2021,Mar,10,8,211,0.2,11.4,0.3,-36.82817,175.67231
40981,2021,Mar,11,8,284,1.6,18.8,0.8,-36.82817,175.67231
40981,2021,Mar,12,8,191,0.3,38.6,0.3,-36.82817,175.67231
40981,2021,Mar,13,8,198,0.1,13.2,0.1,-36.82817,175.67231
40981,2021,Mar,14,8,94,0.2,34.3,0.3,-36.82817,175.67231
40981,2021,Mar,15,8,229,0.7,15.1,0.6,-36.82817,175.67231
40981,2021,Mar,16,8,183,0.1,24.3,0.2,-36.82817,175.67231
40981,2021,Mar,17,8,353,0.4,65.7,0.4,-36.82817,175.67231
40981,2021,Mar,18,8,235,1.1,13.2,0.3,-36.82817,175.67231
40981,2021,Mar,19,8,230,1.9,12,0.4,-36.82817,175.67231
40981,2021,Mar,20,8,235,1.4,16.1,0.5,-36.82817,175.67231
40981,2021,Mar,21,8,223,0.1,31.9,0.1,-36.82817,175.67231
40981,2021,Mar,22,8,0,0,0,0,-36.82817,175.67231
40981,2021,Mar,23,8,0,0,13.2,0,-36.82817,175.67231
40981,2021,Mar,24,8,0,0,0.9,0,-36.82817,175.67231
40981,2021,Mar,25,8,0,0,3.2,0.1,-36.82817,175.67231
40981,2021,Mar,26,8,268,0.2,25.6,0.3,-36.82817,175.67231
40981,2021,Mar,27,8,19,0.3,37.8,0.4,-36.82817,175.67231
40981,2021,Mar,28,8,0,0,0,0,-36.82817,175.67231
40981,2021,Mar,29,8,348,1.2,65.3,0.8,-36.82817,175.67231
40981,2021,Mar,30,8,25,2.9,17.7,0.9,-36.82817,175.67231
40981,2021,Mar,31,8,43,3.6,22.1,1.3,-36.82817,175.67231
40981,2021,Apr,1,8,46,0.2,72.1,0.3,-36.82817,175.67231
40981,2021,Apr,2,8,188,0.1,6.3,0.2,-36.82817,175.67231
40981,2021,Apr,3,8,205,1,16.4,0.5,-36.82817,175.67231
40981,2021,Apr,4,9,130,0.9,49.1,0.8,-36.82817,175.67231
40981,2021,Apr,5,9,206,0.2,18.4,0.3,-36.82817,175.67231
40981,2021,Apr,6,9,242,3.2,20.6,1.1,-36.82817,175.67231
40981,2021,Apr,7,9,218,1.6,21.2,0.6,-36.82817,175.67231
40981,2021,Apr,8,9,264,0.1,24.7,0.2,-36.82817,175.67231
40981,2021,Apr,9,9,234,0.1,32,0.2,-36.82817,175.67231
40981,2021,Apr,10,9,25,4.7,16.1,1.3,-36.82817,175.67231
40981,2021,Apr,11,9,176,0.8,16.1,0.4,-36.82817,175.67231
40981,2021,Apr,12,9,125,0.1,50.6,0.2,-36.82817,175.67231
40981,2021,Apr,13,9,114,0.1,31.2,0.2,-36.82817,175.67231
40981,2021,Apr,14,9,311,2.2,33.7,1.6,-36.82817,175.67231
40981,2021,Apr,15,9,194,0.3,64,0.4,-36.82817,175.67231
40981,2021,Apr,16,9,257,3.8,18.5,1.2,-36.82817,175.67231
40981,2021,Apr,17,9,248,0.9,28.2,0.6,-36.82817,175.67231
40981,2021,Apr,18,9,132,0.3,38,0.4,-36.82817,175.67231
40981,2021,Apr,19,9,90,0.2,29.4,0.3,-36.82817,175.67231
40981,2021,Apr,20,9,225,0.1,31.4,0.2,-36.82817,175.67231
40981,2021,Apr,21,9,239,1.3,48.1,0.7,-36.82817,175.67231
40981,2021,Apr,22,9,242,2.3,28,1.2,-36.82817,175.67231
40981,2021,Apr,23,9,212,0.4,25.5,0.4,-36.82817,175.67231
40981,2021,Apr,24,9,223,2.9,14.8,0.9,-36.82817,175.67231
40981,2021,Apr,25,9,241,3.4,20,1.4,-36.82817,175.67231
40981,2021,Apr,26,9,262,2.5,17.9,0.8,-36.82817,175.67231
40981,2021,Apr,27,9,277,3.5,21.4,1.3,-36.82817,175.67231
40981,2021,Apr,28,9,200,0.5,23.8,0.5,-36.82817,175.67231
40981,2021,Apr,29,9,232,0.3,74,0.3,-36.82817,175.67231
40981,2021,Apr,30,9,6,0.2,65.1,0.3,-36.82817,175.67231
40981,2021,May,1,9,213,1.4,16.6,0.4,-36.82817,175.67231
40981,2021,May,2,9,194,0.1,25.1,0.2,-36.82817,175.67231
40981,2021,May,3,9,242,0.1,21.8,0.1,-36.82817,175.67231
40981,2021,May,4,9,220,0.2,37.7,0.3,-36.82817,175.67231
40981,2021,May,5,9,185,0.6,63.8,0.4,-36.82817,175.67231
40981,2021,May,6,9,205,0.3,30.4,0.5,-36.82817,175.67231
40981,2021,May,7,9,58,1.9,62.7,1.4,-36.82817,175.67231
40981,2021,May,8,9,25,2.4,16,0.9,-36.82817,175.67231
40981,2021,May,9,9,3,3,21.4,1.2,-36.82817,175.67231
40981,2021,May,10,9,285,0.6,76.8,0.5,-36.82817,175.67231
40981,2021,May,11,9,225,0.2,31.3,0.2,-36.82817,175.67231
40981,2021,May,12,9,255,0.9,39.9,0.8,-36.82817,175.67231
40981,2021,May,13,9,181,2,22.7,0.9,-36.82817,175.67231
40981,2021,May,14,9,210,0.1,8.7,0.1,-36.82817,175.67231
40981,2021,May,15,9,266,3.5,25,1.3,-36.82817,175.67231
40981,2021,May,16,9,217,0.4,16.5,0.4,-36.82817,175.67231
40981,2021,May,17,9,214,0.7,35.4,0.5,-36.82817,175.67231
40981,2021,May,18,9,293,6.6,23.4,2.3,-36.82817,175.67231
40981,2021,May,19,9,256,3.7,27.4,1.7,-36.82817,175.67231
40981,2021,May,20,9,214,1.3,20,0.6,-36.82817,175.67231
40981,2021,May,21,9,232,0.1,6.5,0.2,-36.82817,175.67231
40981,2021,May,22,9,212,0.9,34.3,0.5,-36.82817,175.67231
40981,2021,May,23,9,164,5.7,17.7,1.7,-36.82817,175.67231
40981,2021,May,24,9,171,4.6,18.6,1.7,-36.82817,175.67231
40981,2021,May,25,9,176,4.5,16.9,1.2,-36.82817,175.67231
40981,2021,May,26,9,184,3.4,14.8,0.8,-36.82817,175.67231
40981,2021,May,27,9,223,0.2,30,0.2,-36.82817,175.67231
40981,2021,May,28,9,226,0.4,10.9,0.3,-36.82817,175.67231
40981,2021,May,29,9,229,0.8,65.6,0.5,-36.82817,175.67231
40981,2021,May,30,9,203,0.7,42.4,0.6,-36.82817,175.67231
40981,2021,May,31,9,234,1.2,27.7,0.4,-36.82817,175.67231
40981,2021,Jun,1,9,192,1.5,17.4,0.6,-36.82817,175.67231
40981,2021,Jun,2,9,210,0.2,41.1,0.3,-36.82817,175.67231
40981,2021,Jun,3,9,238,0.6,81.3,0.5,-36.82817,175.67231
40981,2021,Jun,4,9,212,0.5,45,0.4,-36.82817,175.67231
40981,2021,Jun,5,9,191,0.3,27.8,0.2,-36.82817,175.67231
40981,2021,Jun,6,9,324,0.7,65.1,0.8,-36.82817,175.67231
40981,2021,Jun,7,9,54,3.6,28.3,1.4,-36.82817,175.67231
40981,2021,Jun,8,9,111,6.2,16.5,2.1,-36.82817,175.67231
40981,2021,Jun,9,9,96,4.8,15.2,1.5,-36.82817,175.67231
40981,2021,Jun,10,9,69,0.9,54.3,0.6,-36.82817,175.67231
40981,2021,Jun,11,9,238,0.2,53.6,0.2,-36.82817,175.67231
40981,2021,Jun,12,9,264,0.2,49.5,0.3,-36.82817,175.67231
40981,2021,Jun,13,9,268,0.2,68.8,0.2,-36.82817,175.67231
40981,2021,Jun,14,9,238,0.3,8.8,0.3,-36.82817,175.67231
40981,2021,Jun,15,9,133,0.5,54.3,0.4,-36.82817,175.67231
40981,2021,Jun,16,9,257,2.2,50.9,1.2,-36.82817,175.67231
40981,2021,Jun,17,9,288,0.7,76.7,0.5,-36.82817,175.67231
40981,2021,Jun,18,9,355,0.2,34.9,0.2,-36.82817,175.67231
40981,2021,Jun,19,9,36,4.7,23.7,1.8,-36.82817,175.67231
40981,2021,Jun,20,9,325,1,41.1,0.7,-36.82817,175.67231
40981,2021,Jun,21,9,352,0.6,76,0.4,-36.82817,175.67231
40981,2021,Jun,22,9,219,2.3,19.3,0.7,-36.82817,175.67231
40981,2021,Jun,23,9,296,0.5,71.5,0.5,-36.82817,175.67231
40981,2021,Jun,24,9,224,0.2,77.4,0.2,-36.82817,175.67231
40981,2021,Jun,25,9,351,0.2,21,0.2,-36.82817,175.67231
40981,2021,Jun,26,9,300,2.1,27.3,1,-36.82817,175.67231
40981,2021,Jun,27,9,321,2.3,31.4,1.1,-36.82817,175.67231
40981,2021,Jun,28,9,281,2.4,50.1,1.4,-36.82817,175.67231
40981,2021,Jun,29,9,226,3.2,27.6,1.6,-36.82817,175.67231
40981,2021,Jun,30,9,239,3.2,18,1.1,-36.82817,175.67231
40981,2021,Jul,1,9,171,0.5,67.9,0.4,-36.82817,175.67231
40981,2021,Jul,2,9,82,0.4,74.1,0.5,-36.82817,175.67231
40981,2021,Jul,3,9,192,0.1,42.1,0.2,-36.82817,175.67231
40981,2021,Jul,4,9,122,0.5,85.6,0.3,-36.82817,175.67231
40981,2021,Jul,5,9,236,0.7,59.9,0.5,-36.82817,175.67231
40981,2021,Jul,6,9,233,0.4,55.8,0.3,-36.82817,175.67231
40981,2021,Jul,7,9,289,1.8,40.6,0.8,-36.82817,175.67231
40981,2021,Jul,8,9,220,3.2,20.6,1.3,-36.82817,175.67231
40981,2021,Jul,9,9,225,1,39,0.8,-36.82817,175.67231
40981,2021,Jul,10,9,261,1.7,24,0.9,-36.82817,175.67231
40981,2021,Jul,11,9,218,0.5,40.5,0.5,-36.82817,175.67231
40981,2021,Jul,12,9,117,5.9,19.7,2,-36.82817,175.67231
40981,2021,Jul,13,9,230,4.7,14.2,1.1,-36.82817,175.67231
40981,2021,Jul,14,9,224,0.2,6.5,0.2,-36.82817,175.67231
40981,2021,Jul,15,9,349,0.3,61.7,0.3,-36.82817,175.67231
40981,2021,Jul,16,9,186,0.3,56.1,0.2,-36.82817,175.67231
40981,2021,Jul,17,9,4,6.2,18.2,1.7,-36.82817,175.67231
40981,2021,Jul,18,9,359,2.2,24.8,0.6,-36.82817,175.67231
40981,2021,Jul,19,9,260,2.9,44.9,1.7,-36.82817,175.67231
40981,2021,Jul,20,9,200,0.5,76.6,0.4,-36.82817,175.67231
40981,2021,Jul,21,9,237,0.3,48.8,0.3,-36.82817,175.67231
40981,2021,Jul,22,9,298,3.7,28.9,1.5,-36.82817,175.67231
40981,2021,Jul,23,9,143,0.7,90.3,0.4,-36.82817,175.67231
40981,2021,Jul,24,9,0,0,14.2,0.1,-36.82817,175.67231
40981,2021,Jul,25,9,77,3.7,24.3,1.3,-36.82817,175.67231
40981,2021,Jul,26,9,36,3.4,22.9,1.3,-36.82817,175.67231
40981,2021,Jul,27,9,246,1.6,77.4,1,-36.82817,175.67231
40981,2021,Jul,28,9,236,2.7,17.6,1,-36.82817,175.67231
40981,2021,Jul,29,9,251,0.3,74.4,0.3,-36.82817,175.67231
40981,2021,Jul,30,9,217,0.2,10.3,0.2,-36.82817,175.67231
40981,2021,Jul,31,9,62,2.4,28.3,1,-36.82817,175.67231
40981,2021,Aug,1,9,206,0.2,41.7,0.3,-36.82817,175.67231
40981,2021,Aug,2,9,7,0.3,55.1,0.3,-36.82817,175.67231
40981,2021,Aug,3,9,210,4.1,34.2,2,-36.82817,175.67231
40981,2021,Aug,4,9,251,2,45.6,1.3,-36.82817,175.67231
40981,2021,Aug,5,9,353,0.4,15.5,0.3,-36.82817,175.67231
40981,2021,Aug,6,9,350,1.5,28.2,0.5,-36.82817,175.67231
40981,2021,Aug,7,9,245,3.9,21,1.3,-36.82817,175.67231
40981,2021,Aug,8,9,314,1.5,29.7,1.3,-36.82817,175.67231
40981,2021,Aug,9,9,228,1.7,24.2,0.8,-36.82817,175.67231
40981,2021,Aug,10,9,228,2.5,20.4,1.9,-36.82817,175.67231
40981,2021,Aug,11,9,2,2.1,24.7,0.8,-36.82817,175.67231
40981,2021,Aug,12,9,231,0.5,49.9,0.5,-36.82817,175.67231
40981,2021,Aug,13,9,295,3.9,26,1.4,-36.82817,175.67231
40981,2021,Aug,14,9,272,1,69.1,1,-36.82817,175.67231
40981,2021,Aug,15,9,138,1.8,69.6,0.5,-36.82817,175.67231
40981,2021,Aug,16,9,188,0.7,39.9,0.4,-36.82817,175.67231
40981,2021,Aug,17,9,343,2.4,30.5,1.1,-36.82817,175.67231
40981,2021,Aug,18,9,330,2.3,44.4,1.6,-36.82817,175.67231
40981,2021,Aug,19,9,202,2.1,24.2,0.8,-36.82817,175.67231
40981,2021,Aug,20,9,260,3.6,18.5,1.2,-36.82817,175.67231
40981,2021,Aug,21,9,180,1.1,58,0.6,-36.82817,175.67231
40981,2021,Aug,22,9,84,3.5,20.2,1.2,-36.82817,175.67231
40981,2021,Aug,23,9,244,0.5,53.2,0.5,-36.82817,175.67231
40981,2021,Aug,24,9,199,0.7,23.1,0.3,-36.82817,175.67231
40981,2021,Aug,25,9,116,0.3,43.3,0.3,-36.82817,175.67231
40981,2021,Aug,26,9,229,0.2,25.6,0.2,-36.82817,175.67231
40981,2021,Aug,27,9,216,0.8,36.4,0.3,-36.82817,175.67231
40981,2021,Aug,28,9,293,2.8,27.8,1.1,-36.82817,175.67231
40981,2021,Aug,29,9,262,4,16.6,1,-36.82817,175.67231
40981,2021,Aug,30,9,65,0.4,80.3,0.3,-36.82817,175.67231
40981,2021,Aug,31,9,103,6.6,14,1.9,-36.82817,175.67231
40981,2021,Sep,1,9,114,3.9,16.7,1.3,-36.82817,175.67231
40981,2021,Sep,2,9,229,1.7,21.2,0.6,-36.82817,175.67231
40981,2021,Sep,3,9,111,4.3,18.6,1.4,-36.82817,175.67231
40981,2021,Sep,4,9,91,1.9,81.7,1.1,-36.82817,175.67231
40981,2021,Sep,5,9,225,0.3,15.9,0.3,-36.82817,175.67231
40981,2021,Sep,6,9,92,0.2,30.1,0.2,-36.82817,175.67231
40981,2021,Sep,7,9,8,5.4,16.4,1.4,-36.82817,175.67231
40981,2021,Sep,8,9,308,2.7,52.7,1.6,-36.82817,175.67231
40981,2021,Sep,9,9,245,3.1,23.4,1.1,-36.82817,175.67231
40981,2021,Sep,10,9,340,1.9,65.8,1.3,-36.82817,175.67231
40981,2021,Sep,11,9,256,4,24,1.6,-36.82817,175.67231
40981,2021,Sep,12,9,103,0.4,53.8,0.5,-36.82817,175.67231
40981,2021,Sep,13,9,205,1.4,71.9,1.3,-36.82817,175.67231
40981,2021,Sep,14,9,272,2.5,49.2,1.7,-36.82817,175.67231
40981,2021,Sep,15,9,98,2.3,19.4,1.1,-36.82817,175.67231
40981,2021,Sep,16,9,44,3.6,43.6,1.3,-36.82817,175.67231
40981,2021,Sep,17,9,187,3.5,19.6,1.3,-36.82817,175.67231
40981,2021,Sep,18,9,87,0.6,31.7,0.4,-36.82817,175.67231
40981,2021,Sep,19,9,104,0.5,29.4,0.4,-36.82817,175.67231
40981,2021,Sep,20,9,255,2.2,25.2,1.2,-36.82817,175.67231
40981,2021,Sep,21,9,238,1.7,67,1.5,-36.82817,175.67231
40981,2021,Sep,22,9,177,1.1,53.5,0.6,-36.82817,175.67231
40981,2021,Sep,23,9,223,1,69.1,0.6,-36.82817,175.67231
40981,2021,Sep,24,9,233,5.4,17.6,1.8,-36.82817,175.67231
40981,2021,Sep,25,9,234,2.9,20.8,1,-36.82817,175.67231
40981,2021,Sep,26,8,7,1.5,78.7,1,-36.82817,175.67231
40981,2021,Sep,27,8,202,0.3,39.2,0.4,-36.82817,175.67231
40981,2021,Sep,28,8,239,2.1,30.2,1.2,-36.82817,175.67231
40981,2021,Sep,29,8,212,1,35.2,0.7,-36.82817,175.67231
40981,2021,Sep,30,8,260,1.6,42.3,1.1,-36.82817,175.67231
40981,2021,Oct,1,8,236,2.6,21.2,0.7,-36.82817,175.67231
40981,2021,Oct,2,8,194,1.4,55.2,1.5,-36.82817,175.67231
40981,2021,Oct,3,8,188,0.1,24.8,0.2,-36.82817,175.67231
40981,2021,Oct,4,8,2,2,17.3,0.8,-36.82817,175.67231
40981,2021,Oct,5,8,132,0.1,30,0.2,-36.82817,175.67231
40981,2021,Oct,6,8,100,0.1,55.8,0.2,-36.82817,175.67231
40981,2021,Oct,7,8,39,2.2,19.1,0.8,-36.82817,175.67231
40981,2021,Oct,8,8,266,3.1,29.8,1.5,-36.82817,175.67231
40981,2021,Oct,9,8,227,2,36.8,1.6,-36.82817,175.67231
40981,2021,Oct,10,8,230,2.3,28.3,1.1,-36.82817,175.67231
40981,2021,Oct,11,8,223,1.7,46.8,0.9,-36.82817,175.67231
40981,2021,Oct,12,8,256,4.3,23.2,1.7,-36.82817,175.67231
40981,2021,Oct,13,8,304,1.3,85.8,0.8,-36.82817,175.67231
40981,2021,Oct,14,8,182,1.8,45.4,1.7,-36.82817,175.67231
40981,2021,Oct,15,8,206,1.8,31.9,1,-36.82817,175.67231
40981,2021,Oct,16,8,71,0.4,54.2,0.4,-36.82817,175.67231
40981,2021,Oct,17,8,18,2.4,19.8,0.9,-36.82817,175.67231
40981,2021,Oct,18,8,261,0.8,31.9,0.6,-36.82817,175.67231
40981,2021,Oct,19,8,251,2.5,28.6,0.9,-36.82817,175.67231
40981,2021,Oct,20,8,215,1.5,36.3,0.8,-36.82817,175.67231
40981,2021,Oct,21,8,80,4.1,19.6,1.4,-36.82817,175.67231
40981,2021,Oct,22,8,86,3.4,21.8,1.4,-36.82817,175.67231
40981,2021,Oct,23,8,74,4.2,24.5,1.7,-36.82817,175.67231
40981,2021,Oct,24,8,43,2.8,20.1,0.9,-36.82817,175.67231
40981,2021,Oct,25,8,27,2.4,19.4,0.8,-36.82817,175.67231
40981,2021,Oct,26,8,78,1.9,18.6,0.8,-36.82817,175.67231
40981,2021,Oct,27,8,176,0.5,59.7,0.3,-36.82817,175.67231
40981,2021,Oct,28,8,206,0.6,26,0.4,-36.82817,175.67231
40981,2021,Oct,29,8,256,2.5,33.5,1.3,-36.82817,175.67231
40981,2021,Oct,30,8,253,4.3,19.3,1.5,-36.82817,175.67231
40981,2021,Oct,31,8,295,4.1,24.4,1.8,-36.82817,175.67231
40981,2021,Nov,1,8,240,1.1,35.5,0.8,-36.82817,175.67231
40981,2021,Nov,2,8,194,1.7,25.6,0.7,-36.82817,175.67231
40981,2021,Nov,3,8,174,3.1,25.8,1.9,-36.82817,175.67231
40981,2021,Nov,4,8,171,3.4,20.6,1.1,-36.82817,175.67231
40981,2021,Nov,5,8,150,3.3,19.4,1.1,-36.82817,175.67231
40981,2021,Nov,6,8,180,2.3,15.1,0.7,-36.82817,175.67231
40981,2021,Nov,7,8,137,0.6,55.1,0.3,-36.82817,175.67231
40981,2021,Nov,8,8,209,1.6,52.2,0.8,-36.82817,175.67231
40981,2021,Nov,9,8,110,0.7,40.7,0.3,-36.82817,175.67231
40981,2021,Nov,10,8,251,0.5,34.4,0.4,-36.82817,175.67231
40981,2021,Nov,11,8,84,0.4,71.4,0.4,-36.82817,175.67231
40981,2021,Nov,12,8,115,0.7,28.9,0.4,-36.82817,175.67231
40981,2021,Nov,13,8,337,0.8,39.1,0.4,-36.82817,175.67231
40981,2021,Nov,14,8,332,1.9,21,0.7,-36.82817,175.67231
40981,2021,Nov,15,8,321,2,50.2,1.2,-36.82817,175.67231
40981,2021,Nov,16,8,282,3.6,29.2,1.5,-36.82817,175.67231
40981,2021,Nov,17,8,300,3.1,31.8,1.2,-36.82817,175.67231
40981,2021,Nov,18,8,146,0.8,42.2,0.7,-36.82817,175.67231
40981,2021,Nov,19,8,97,0.9,38.4,0.5,-36.82817,175.67231
40981,2021,Nov,20,8,220,0.5,24.4,0.4,-36.82817,175.67231
40981,2021,Nov,21,8,54,0.8,31.4,0.5,-36.82817,175.67231
40981,2021,Nov,22,8,113,0.9,62.1,0.5,-36.82817,175.67231
40981,2021,Nov,23,8,185,1,58,0.5,-36.82817,175.67231
40981,2021,Nov,24,8,191,0.7,34.2,0.5,-36.82817,175.67231
40981,2021,Nov,25,8,60,0.8,25.6,0.4,-36.82817,175.67231
40981,2021,Nov,26,8,113,0.8,36.6,0.4,-36.82817,175.67231
40981,2021,Nov,27,8,123,0.7,52.8,0.4,-36.82817,175.67231
40981,2021,Nov,28,8,152,0.6,56.8,0.4,-36.82817,175.67231
40981,2021,Nov,29,8,216,2.5,21.5,0.8,-36.82817,175.67231
40981,2021,Nov,30,8,111,0.5,85.6,0.5,-36.82817,175.67231
40981,2021,Dec,1,8,232,0.2,61.2,0.3,-36.82817,175.67231
40981,2021,Dec,2,8,146,1.3,29,0.7,-36.82817,175.67231
40981,2021,Dec,3,8,72,2.9,24.4,1.2,-36.82817,175.67231
40981,2021,Dec,4,8,45,2.4,24.2,0.8,-36.82817,175.67231
40981,2021,Dec,5,8,38,2.2,22,0.8,-36.82817,175.67231
40981,2021,Dec,6,8,19,3.6,19.1,1.1,-36.82817,175.67231
40981,2021,Dec,7,8,43,1.3,29.1,0.7,-36.82817,175.67231
40981,2021,Dec,8,8,48,1.2,58.1,0.7,-36.82817,175.67231
40981,2021,Dec,9,8,127,1.2,71.9,0.7,-36.82817,175.67231
40981,2021,Dec,10,8,234,1.2,29,0.7,-36.82817,175.67231
40981,2021,Dec,11,8,190,0.7,25.7,0.4,-36.82817,175.67231
40981,2021,Dec,12,8,239,0.8,47.6,0.4,-36.82817,175.67231
40981,2021,Dec,13,8,40,1.7,25.9,0.8,-36.82817,175.67231
40981,2021,Dec,14,8,31,2.8,23.3,1.3,-36.82817,175.67231
40981,2021,Dec,15,8,21,1.4,28.2,0.6,-36.82817,175.67231
40981,2021,Dec,16,8,299,3.5,28.1,1.5,-36.82817,175.67231
40981,2021,Dec,17,8,249,2.7,23.3,1.1,-36.82817,175.67231
40981,2021,Dec,18,8,233,4.7,22.1,1.7,-36.82817,175.67231
40981,2021,Dec,19,8,221,4.4,23.7,1.6,-36.82817,175.67231
40981,2021,Dec,20,8,220,2.6,23.2,0.9,-36.82817,175.67231
40981,2021,Dec,21,8,316,1.2,78,0.8,-36.82817,175.67231
40981,2021,Dec,22,8,202,3.2,16.1,0.9,-36.82817,175.67231
40981,2021,Dec,23,8,218,1.6,26.1,0.8,-36.82817,175.67231
40981,2021,Dec,24,8,228,3.4,13,0.8,-36.82817,175.67231
40981,2021,Dec,25,8,184,1,39.5,0.5,-36.82817,175.67231
40981,2021,Dec,26,8,360,2.3,24.3,0.8,-36.82817,175.67231
40981,2021,Dec,27,8,171,0.8,58.5,0.4,-36.82817,175.67231
40981,2021,Dec,28,8,32,0.9,39.7,0.5,-36.82817,175.67231
40981,2021,Dec,29,8,234,4.6,16.2,1.4,-36.82817,175.67231
40981,2021,Dec,30,8,229,6,16.9,1.5,-36.82817,175.67231
40981,2021,Dec,31,8,225,5.3,17.3,1.4,-36.82817,175.67231
40981,2022,Jan,1,8,228,5.5,19,1.8,-36.82817,175.67231
40981,2022,Jan,2,8,70,3.2,27.3,1.2,-36.82817,175.67231
40981,2022,Jan,3,8,110,1.9,49.6,1.4,-36.82817,175.67231
40981,2022,Jan,4,8,181,0.8,37,0.4,-36.82817,175.67231
40981,2022,Jan,5,8,212,1.1,34.5,0.6,-36.82817,175.67231
40981,2022,Jan,6,8,234,2.6,22.5,0.8,-36.82817,175.67231
40981,2022,Jan,7,8,76,1.9,28.7,0.9,-36.82817,175.67231
40981,2022,Jan,8,8,74,1,29.6,0.5,-36.82817,175.67231
40981,2022,Jan,9,8,147,0.7,35.6,0.4,-36.82817,175.67231
40981,2022,Jan,10,8,272,1.2,55.5,0.9,-36.82817,175.67231
40981,2022,Jan,11,8,236,3.1,22.2,1.1,-36.82817,175.67231
40981,2022,Jan,12,8,203,1,16.6,1,-36.82817,175.67231
40981,2022,Jan,13,8,215,2.2,25.2,0.7,-36.82817,175.67231
40981,2022,Jan,14,8,170,2.7,25.1,0.7,-36.82817,175.67231
40981,2022,Jan,15,8,186,2.5,27,0.7,-36.82817,175.67231
40981,2022,Jan,16,8,174,4.5,15.6,1.2,-36.82817,175.67231
40981,2022,Jan,17,8,206,2.3,17.3,0.7,-36.82817,175.67231
40981,2022,Jan,18,8,242,3,25.1,1.2,-36.82817,175.67231
40981,2022,Jan,19,8,150,1.3,33.8,0.9,-36.82817,175.67231
40981,2022,Jan,20,8,276,2.1,43.4,1.1,-36.82817,175.67231
40981,2022,Jan,21,8,192,2.2,61.3,1.3,-36.82817,175.67231
40981,2022,Jan,22,8,196,0.6,84,0.4,-36.82817,175.67231
40981,2022,Jan,23,8,202,0.4,50.9,0.3,-36.82817,175.67231
40981,2022,Jan,24,8,222,0.4,4.8,0.2,-36.82817,175.67231
40981,2022,Jan,25,8,45,2.8,21.6,0.9,-36.82817,175.67231
40981,2022,Jan,26,8,196,0.7,37.3,0.3,-36.82817,175.67231
40981,2022,Jan,27,8,211,4,22.2,1.4,-36.82817,175.67231
40981,2022,Jan,28,8,145,3.2,23.4,1,-36.82817,175.67231
40981,2022,Jan,29,8,192,0.3,38.1,0.3,-36.82817,175.67231
40981,2022,Jan,30,8,201,0.5,36.4,0.3,-36.82817,175.67231
40981,2022,Jan,31,8,227,0.7,88.6,1,-36.82817,175.67231
40981,2022,Feb,1,8,57,3.4,25.6,1.3,-36.82817,175.67231
40981,2022,Feb,2,8,38,3.8,19.9,1.2,-36.82817,175.67231
40981,2022,Feb,3,8,25,2.3,17.8,0.8,-36.82817,175.67231
40981,2022,Feb,4,8,100,1.2,47.3,1,-36.82817,175.67231
40981,2022,Feb,5,8,20,2.8,20.6,1,-36.82817,175.67231
40981,2022,Feb,6,8,26,3.9,16.7,1.5,-36.82817,175.67231
40981,2022,Feb,7,8,255,1,31.7,0.4,-36.82817,175.67231
40981,2022,Feb,8,8,232,0.8,29.4,0.5,-36.82817,175.67231
40981,2022,Feb,9,8,79,1.7,24.8,0.9,-36.82817,175.67231
40981,2022,Feb,10,8,54,1.6,21.8,0.6,-36.82817,175.67231
40981,2022,Feb,11,8,236,0.8,14.1,0.3,-36.82817,175.67231
40981,2022,Feb,12,8,1,4.5,19.2,1.3,-36.82817,175.67231
40981,2022,Feb,13,8,330,4,37,2,-36.82817,175.67231
40981,2022,Feb,14,8,154,1,64.9,0.6,-36.82817,175.67231
40981,2022,Feb,15,8,202,0.9,44.2,0.5,-36.82817,175.67231
40981,2022,Feb,16,8,155,0.3,53,0.3,-36.82817,175.67231
40981,2022,Feb,17,8,208,0.4,45.6,0.4,-36.82817,175.67231
40981,2022,Feb,18,8,193,0.3,35.3,0.2,-36.82817,175.67231
40981,2022,Feb,19,8,223,0.2,8.8,0.2,-36.82817,175.67231
40981,2022,Feb,20,8,199,1,21.9,0.4,-36.82817,175.67231
40981,2022,Feb,21,8,182,0.7,28.9,0.3,-36.82817,175.67231
40981,2022,Feb,22,8,203,0.5,47.1,0.4,-36.82817,175.67231
40981,2022,Feb,23,8,217,0.7,24.9,0.5,-36.82817,175.67231
40981,2022,Feb,24,8,228,1.2,29,0.6,-36.82817,175.67231
40981,2022,Feb,25,8,174,0.3,31.6,0.3,-36.82817,175.67231
40981,2022,Feb,26,8,191,0.5,58.4,0.3,-36.82817,175.67231
40981,2022,Feb,27,8,242,1.1,11.7,0.3,-36.82817,175.67231
40981,2022,Feb,28,8,191,1.1,31.1,0.5,-36.82817,175.67231
40981,2022,Mar,1,8,254,0.3,78.7,0.3,-36.82817,175.67231
40981,2022,Mar,2,8,239,0.7,71.5,0.5,-36.82817,175.67231
40981,2022,Mar,3,8,186,3.3,14.5,0.9,-36.82817,175.67231
40981,2022,Mar,4,8,95,3.8,14,0.9,-36.82817,175.67231
40981,2022,Mar,5,8,82,2.8,22.9,1.2,-36.82817,175.67231
40981,2022,Mar,6,8,65,2.6,25.6,1.2,-36.82817,175.67231
40981,2022,Mar,7,8,264,0.1,41.7,0.1,-36.82817,175.67231
40981,2022,Mar,8,8,194,0.5,64,0.3,-36.82817,175.67231
40981,2022,Mar,9,8,221,1.1,20.2,0.4,-36.82817,175.67231
40981,2022,Mar,10,8,103,3,22.4,1.2,-36.82817,175.67231
40981,2022,Mar,11,8,17,0.9,29.4,0.7,-36.82817,175.67231
40981,2022,Mar,12,8,194,0.5,22.9,0.3,-36.82817,175.67231
40981,2022,Mar,13,8,214,0.6,27,0.4,-36.82817,175.67231
40981,2022,Mar,14,8,217,0.1,15.2,0.1,-36.82817,175.67231
40981,2022,Mar,15,8,215,0.6,27.4,0.3,-36.82817,175.67231
40981,2022,Mar,16,8,157,1.3,52.1,1,-36.82817,175.67231
40981,2022,Mar,17,8,213,0.4,16.6,0.3,-36.82817,175.67231
40981,2022,Mar,18,8,198,0.3,17.9,0.3,-36.82817,175.67231
40981,2022,Mar,19,8,230,0.9,19,0.3,-36.82817,175.67231
40981,2022,Mar,20,8,48,4.9,23.4,1.6,-36.82817,175.67231
40981,2022,Mar,21,8,44,6.2,22.1,2,-36.82817,175.67231
40981,2022,Mar,22,8,192,0.2,50.2,0.2,-36.82817,175.67231
40981,2022,Mar,23,8,203,0.8,62.6,0.5,-36.82817,175.67231
40981,2022,Mar,24,8,251,3.3,28.8,1.5,-36.82817,175.67231
40981,2022,Mar,25,8,236,4.8,18.5,1.4,-36.82817,175.67231
40981,2022,Mar,26,8,229,5.4,17,1.4,-36.82817,175.67231
40981,2022,Mar,27,8,218,0.4,49.9,0.4,-36.82817,175.67231
40981,2022,Mar,28,8,252,0.6,51,0.4,-36.82817,175.67231
40981,2022,Mar,29,8,212,1.8,16.6,0.5,-36.82817,175.67231
40981,2022,Mar,30,8,312,0.3,74.3,0.2,-36.82817,175.67231
40981,2022,Mar,31,8,212,0.1,0.1,0.1,-36.82817,175.67231
40981,2022,Apr,1,8,189,0.2,59.2,0.2,-36.82817,175.67231
40981,2022,Apr,2,8,228,0.4,42.7,0.3,-36.82817,175.67231
40981,2022,Apr,3,9,181,0.9,27.8,0.5,-36.82817,175.67231
40981,2022,Apr,4,9,173,0.6,43.1,0.4,-36.82817,175.67231
40981,2022,Apr,5,9,100,0.4,61,0.4,-36.82817,175.67231
40981,2022,Apr,6,9,238,0.5,79.6,0.3,-36.82817,175.67231
40981,2022,Apr,7,9,186,1.8,19.8,0.6,-36.82817,175.67231
40981,2022,Apr,8,9,154,0.2,43.9,0.2,-36.82817,175.67231
40981,2022,Apr,9,9,191,1.1,25.6,0.3,-36.82817,175.67231
40981,2022,Apr,10,9,175,0.5,81.7,0.3,-36.82817,175.67231
40981,2022,Apr,11,9,199,0.8,26.5,0.3,-36.82817,175.67231
40981,2022,Apr,12,9,226,0.6,27.7,0.5,-36.82817,175.67231
40981,2022,Apr,13,9,212,3.6,15.3,0.9,-36.82817,175.67231
40981,2022,Apr,14,9,211,0.6,34,0.4,-36.82817,175.67231
40981,2022,Apr,15,9,189,0.3,42.8,0.2,-36.82817,175.67231
40981,2022,Apr,16,9,203,0.2,10.7,0.2,-36.82817,175.67231
40981,2022,Apr,17,9,244,0.5,37.3,0.6,-36.82817,175.67231
40981,2022,Apr,18,9,84,4.6,25.3,1.9,-36.82817,175.67231
40981,2022,Apr,19,9,46,3.4,23.8,1.1,-36.82817,175.67231
40981,2022,Apr,20,9,58,2.7,26.8,1,-36.82817,175.67231
40981,2022,Apr,21,9,27,1.8,27.7,0.7,-36.82817,175.67231
40981,2022,Apr,22,9,160,0.7,68.3,0.4,-36.82817,175.67231
40981,2022,Apr,23,9,163,0.9,31.8,0.5,-36.82817,175.67231
40981,2022,Apr,24,9,104,1.2,66.9,0.6,-36.82817,175.67231
40981,2022,Apr,25,9,141,0.6,52.5,0.5,-36.82817,175.67231
40981,2022,Apr,26,9,180,0.2,11.7,0.2,-36.82817,175.67231
40981,2022,Apr,27,9,23,0.5,37.7,0.4,-36.82817,175.67231
40981,2022,Apr,28,9,233,1.4,15.1,0.5,-36.82817,175.67231
40981,2022,Apr,29,9,237,1.8,19,0.6,-36.82817,175.67231
40981,2022,Apr,30,9,231,1.7,21.5,0.6,-36.82817,175.67231
40981,2022,May,1,9,219,1.3,28.1,0.4,-36.82817,175.67231
40981,2022,May,2,9,191,0.2,27,0.3,-36.82817,175.67231
40981,2022,May,3,9,220,0.1,23.2,0.2,-36.82817,175.67231
40981,2022,May,4,9,326,1.1,81.5,0.7,-36.82817,175.67231
40981,2022,May,5,9,81,1.5,35.8,1.2,-36.82817,175.67231
40981,2022,May,6,9,197,0.4,41.3,0.3,-36.82817,175.67231
40981,2022,May,7,9,233,0.3,40.2,0.4,-36.82817,175.67231
40981,2022,May,8,9,195,0.3,24.8,0.4,-36.82817,175.67231
40981,2022,May,9,9,310,0.5,78,0.3,-36.82817,175.67231
40981,2022,May,10,9,235,0.8,16.8,0.7,-36.82817,175.67231
40981,2022,May,11,9,216,1.5,17.2,0.5,-36.82817,175.67231
40981,2022,May,12,9,270,0.2,16.9,0.2,-36.82817,175.67231
40981,2022,May,13,9,223,0.6,24.2,0.3,-36.82817,175.67231
40981,2022,May,14,9,338,0.3,49.1,0.4,-36.82817,175.67231
40981,2022,May,15,9,269,2.9,26.3,1.2,-36.82817,175.67231
40981,2022,May,16,9,274,3.8,34.8,1.9,-36.82817,175.67231
40981,2022,May,17,9,33,1,73.4,0.7,-36.82817,175.67231
40981,2022,May,18,9,277,3.1,28.3,1.2,-36.82817,175.67231
40981,2022,May,19,9,326,1.8,36.4,1,-36.82817,175.67231
40981,2022,May,20,9,305,2.7,35.8,1.3,-36.82817,175.67231
40981,2022,May,21,9,222,2.9,36.4,1.3,-36.82817,175.67231
40981,2022,May,22,9,267,1.8,32.3,1,-36.82817,175.67231
40981,2022,May,23,9,263,1.1,32,0.5,-36.82817,175.67231
40981,2022,May,24,9,212,0.2,21.6,0.2,-36.82817,175.67231
40981,2022,May,25,9,228,3,21.6,1.1,-36.82817,175.67231
40981,2022,May,26,9,293,0.7,49,0.4,-36.82817,175.67231
40981,2022,May,27,9,218,0.8,23,0.4,-36.82817,175.67231
40981,2022,May,28,9,0,0,0,0.1,-36.82817,175.67231
40981,2022,May,29,9,47,2.9,25,1.1,-36.82817,175.67231
40981,2022,May,30,9,29,5.7,17.3,1.4,-36.82817,175.67231
40981,2022,May,31,9,218,0.2,21.8,0.2,-36.82817,175.67231
40981,2022,Jun,1,9,316,2.5,20.9,1,-36.82817,175.67231
40981,2022,Jun,2,9,330,1.9,27.2,0.8,-36.82817,175.67231
40981,2022,Jun,3,9,315,2.8,35.1,1.3,-36.82817,175.67231
40981,2022,Jun,4,9,226,1.3,22.6,0.4,-36.82817,175.67231
40981,2022,Jun,5,9,232,0.9,23.2,0.3,-36.82817,175.67231
40981,2022,Jun,6,9,217,0.8,24.9,0.3,-36.82817,175.67231
40981,2022,Jun,7,9,178,0.4,14.1,0.3,-36.82817,175.67231
40981,2022,Jun,8,9,234,0.9,34.9,0.5,-36.82817,175.67231
40981,2022,Jun,9,9,232,0.8,62.8,0.5,-36.82817,175.67231
40981,2022,Jun,10,9,318,3.1,35.5,1.4,-36.82817,175.67231
40981,2022,Jun,11,9,326,1.8,43,1,-36.82817,175.67231
40981,2022,Jun,12,9,354,1.5,21,0.4,-36.82817,175.67231
40981,2022,Jun,13,9,290,5.5,28.6,2.2,-36.82817,175.67231
40981,2022,Jun,14,9,254,3.4,28.6,1.4,-36.82817,175.67231
40981,2022,Jun,15,9,262,3.5,24.6,1.3,-36.82817,175.67231
40981,2022,Jun,16,9,257,4.2,17,1.2,-36.82817,175.67231
40981,2022,Jun,17,9,214,1,73.3,0.6,-36.82817,175.67231
40981,2022,Jun,18,9,5,0.3,77.2,0.3,-36.82817,175.67231
40981,2022,Jun,19,9,226,0.6,71.1,0.5,-36.82817,175.67231
40981,2022,Jun,20,9,206,2.5,18.8,0.8,-36.82817,175.67231
40981,2022,Jun,21,9,183,4,14.4,1,-36.82817,175.67231
40981,2022,Jun,22,9,217,0.7,18.8,0.4,-36.82817,175.67231
40981,2022,Jun,23,9,226,0.2,38.6,0.2,-36.82817,175.67231
40981,2022,Jun,24,9,124,0.1,0.1,0.1,-36.82817,175.67231
40981,2022,Jun,25,9,68,0.4,54.8,0.3,-36.82817,175.67231
40981,2022,Jun,26,9,344,0.3,43,0.2,-36.82817,175.67231
40981,2022,Jun,27,9,94,0.5,60.8,0.4,-36.82817,175.67231
40981,2022,Jun,28,9,221,0.6,8.9,0.3,-36.82817,175.67231
40981,2022,Jun,29,9,225,1.1,22.7,0.7,-36.82817,175.67231
40981,2022,Jun,30,9,166,1.6,69.4,1,-36.82817,175.67231
40981,2022,Jul,1,9,258,2.2,26.8,1,-36.82817,175.67231
40981,2022,Jul,2,9,318,0.7,93.3,0.6,-36.82817,175.67231
40981,2022,Jul,3,9,217,0.3,35.7,0.3,-36.82817,175.67231
40981,2022,Jul,4,9,329,0.6,42.6,0.4,-36.82817,175.67231
40981,2022,Jul,5,9,213,0.3,15.1,0.2,-36.82817,175.67231
40981,2022,Jul,6,9,215,3,35.9,1.2,-36.82817,175.67231
40981,2022,Jul,7,9,34,2.9,16.9,0.9,-36.82817,175.67231
40981,2022,Jul,8,9,15,3.6,20.3,1.2,-36.82817,175.67231
40981,2022,Jul,9,9,276,4.2,35.7,2,-36.82817,175.67231
40981,2022,Jul,10,9,204,0.2,51.4,0.2,-36.82817,175.67231
40981,2022,Jul,11,9,91,4,20.6,1.6,-36.82817,175.67231
40981,2022,Jul,12,9,20,6.8,16.3,1.9,-36.82817,175.67231
40981,2022,Jul,13,9,310,2.9,32,1.3,-36.82817,175.67231
40981,2022,Jul,14,9,225,0.9,31.8,0.3,-36.82817,175.67231
40981,2022,Jul,15,9,185,1.4,25.2,0.6,-36.82817,175.67231
40981,2022,Jul,16,9,194,0.7,34.1,0.5,-36.82817,175.67231
40981,2022,Jul,17,9,193,0.4,48.8,0.3,-36.82817,175.67231
40981,2022,Jul,18,9,246,0.3,46.8,0.3,-36.82817,175.67231
40981,2022,Jul,19,9,10,3.3,18.6,1.5,-36.82817,175.67231
40981,2022,Jul,20,9,246,0.3,9.6,0.3,-36.82817,175.67231
40981,2022,Jul,21,9,304,4.6,22.3,1.7,-36.82817,175.67231
40981,2022,Jul,22,9,256,0.8,68.4,0.6,-36.82817,175.67231
40981,2022,Jul,23,9,223,1.5,14,0.3,-36.82817,175.67231
40981,2022,Jul,24,9,66,3.4,26.3,1.5,-36.82817,175.67231
40981,2022,Jul,25,9,61,5,27.1,1.9,-36.82817,175.67231
40981,2022,Jul,26,9,357,2.7,20.2,1,-36.82817,175.67231
40981,2022,Jul,27,9,316,2.5,62.7,1.6,-36.82817,175.67231
40981,2022,Jul,28,9,337,2,24.4,0.8,-36.82817,175.67231
40981,2022,Jul,29,9,287,2.6,49.7,1.5,-36.82817,175.67231
40981,2022,Jul,30,9,208,0.4,66.7,0.2,-36.82817,175.67231
40981,2022,Jul,31,9,272,2.8,34.1,1.5,-36.82817,175.67231
40981,2022,Aug,1,9,357,0.7,35.8,0.3,-36.82817,175.67231
40981,2022,Aug,2,9,220,0.4,38.5,0.3,-36.82817,175.67231
40981,2022,Aug,3,9,235,0.5,33.6,0.5,-36.82817,175.67231
40981,2022,Aug,4,9,322,0.2,31.8,0.2,-36.82817,175.67231
40981,2022,Aug,5,9,246,0.4,55.2,0.3,-36.82817,175.67231
40981,2022,Aug,6,9,189,0.5,21.8,0.4,-36.82817,175.67231
40981,2022,Aug,7,9,289,3.2,32.1,1.5,-36.82817,175.67231
40981,2022,Aug,8,9,239,0.6,37.1,0.5,-36.82817,175.67231
40981,2022,Aug,9,9,220,2.6,45.6,1.2,-36.82817,175.67231
40981,2022,Aug,10,9,258,0.6,63.8,0.4,-36.82817,175.67231
40981,2022,Aug,11,9,192,1.9,34.2,0.8,-36.82817,175.67231
40981,2022,Aug,12,9,200,0.9,33.6,0.4,-36.82817,175.67231
40981,2022,Aug,13,9,235,0.9,27.6,0.5,-36.82817,175.67231
40981,2022,Aug,14,9,183,0.4,65.9,0.3,-36.82817,175.67231
40981,2022,Aug,15,9,241,0.5,37.8,0.3,-36.82817,175.67231
40981,2022,Aug,16,9,222,0.3,30.2,0.3,-36.82817,175.67231
40981,2022,Aug,17,9,18,4,16.2,1.2,-36.82817,175.67231
40981,2022,Aug,18,9,28,6.4,16.7,1.7,-36.82817,175.67231
40981,2022,Aug,19,9,9,4.7,16.2,1.4,-36.82817,175.67231
40981,2022,Aug,20,9,359,4.7,17.9,1.1,-36.82817,175.67231
40981,2022,Aug,21,9,133,1,49.2,0.4,-36.82817,175.67231
40981,2022,Aug,22,9,211,0.5,43.1,0.5,-36.82817,175.67231
40981,2022,Aug,23,9,223,1.4,26.4,0.6,-36.82817,175.67231
40981,2022,Aug,24,9,216,0.9,31,0.8,-36.82817,175.67231
40981,2022,Aug,25,9,240,0.7,22.6,0.4,-36.82817,175.67231
40981,2022,Aug,26,9,320,2.9,36.6,1.5,-36.82817,175.67231
40981,2022,Aug,27,9,233,2.3,19.2,0.8,-36.82817,175.67231
40981,2022,Aug,28,9,193,0.4,47,0.3,-36.82817,175.67231
40981,2022,Aug,29,9,214,0.8,54.5,0.6,-36.82817,175.67231
40981,2022,Aug,30,9,250,1.6,16.3,0.6,-36.82817,175.67231
40981,2022,Aug,31,9,205,0.5,59.1,0.5,-36.82817,175.67231
40981,2022,Sep,1,9,248,0.3,37.1,0.3,-36.82817,175.67231
40981,2022,Sep,2,9,322,0.1,39.9,0.2,-36.82817,175.67231
40981,2022,Sep,3,9,209,0.4,18.8,0.2,-36.82817,175.67231
40981,2022,Sep,4,9,33,0.7,55.4,0.5,-36.82817,175.67231
40981,2022,Sep,5,9,221,1.2,18.7,0.3,-36.82817,175.67231
40981,2022,Sep,6,9,206,3.1,23.7,0.8,-36.82817,175.67231
40981,2022,Sep,7,9,207,1.5,65.4,0.6,-36.82817,175.67231
40981,2022,Sep,8,9,181,0.6,26.8,0.3,-36.82817,175.67231
40981,2022,Sep,9,9,196,0.3,53.6,0.2,-36.82817,175.67231
40981,2022,Sep,10,9,228,1.4,24.7,0.5,-36.82817,175.67231
40981,2022,Sep,11,9,55,0.4,44.8,0.2,-36.82817,175.67231
40981,2022,Sep,12,9,289,3.8,30.7,1.8,-36.82817,175.67231
40981,2022,Sep,13,9,302,2.6,48.3,1.6,-36.82817,175.67231
40981,2022,Sep,14,9,230,1.2,20.6,0.5,-36.82817,175.67231
40981,2022,Sep,15,9,183,0.4,21.2,0.3,-36.82817,175.67231
40981,2022,Sep,16,9,199,2.6,22.3,1.3,-36.82817,175.67231
40981,2022,Sep,17,9,141,0.5,30.3,0.4,-36.82817,175.67231
40981,2022,Sep,18,9,136,0.5,17.1,0.3,-36.82817,175.67231
40981,2022,Sep,19,9,218,0.8,36.7,0.5,-36.82817,175.67231
40981,2022,Sep,20,9,337,2.1,35.9,0.8,-36.82817,175.67231
40981,2022,Sep,21,9,10,1.1,75,0.8,-36.82817,175.67231
40981,2022,Sep,22,9,228,0.9,31.1,0.5,-36.82817,175.67231
40981,2022,Sep,23,9,118,0.7,28,0.4,-36.82817,175.67231
40981,2022,Sep,24,9,121,0.7,55,0.3,-36.82817,175.67231
40981,2022,Sep,25,8,170,0.8,57.8,0.5,-36.82817,175.67231
40981,2022,Sep,26,8,110,3.1,16.8,0.9,-36.82817,175.67231
40981,2022,Sep,27,8,61,3.1,29.1,1.5,-36.82817,175.67231
40981,2022,Sep,28,8,19,1.5,23.2,0.7,-36.82817,175.67231
40981,2022,Sep,29,8,30,0.9,54.4,0.7,-36.82817,175.67231
40981,2022,Sep,30,8,8,3.6,20.3,1.3,-36.82817,175.67231
40981,2022,Oct,1,8,28,1.2,17.8,0.5,-36.82817,175.67231
40981,2022,Oct,2,8,143,0.8,83.1,0.5,-36.82817,175.67231
40981,2022,Oct,3,8,296,3.8,35.7,2.4,-36.82817,175.67231
40981,2022,Oct,4,8,258,0.9,20.8,0.4,-36.82817,175.67231
40981,2022,Oct,5,8,254,1.8,27.1,0.9,-36.82817,175.67231
40981,2022,Oct,6,8,229,3.5,27.7,1.9,-36.82817,175.67231
40981,2022,Oct,7,8,200,0.5,36.4,0.3,-36.82817,175.67231
40981,2022,Oct,8,8,219,0.3,58,0.3,-36.82817,175.67231
40981,2022,Oct,9,8,245,0.8,61.3,0.3,-36.82817,175.67231
40981,2022,Oct,10,8,311,0.9,96.3,0.8,-36.82817,175.67231
40981,2022,Oct,11,8,84,0.7,77.4,0.4,-36.82817,175.67231
40981,2022,Oct,12,8,218,0.1,2.8,0.2,-36.82817,175.67231
40981,2022,Oct,13,8,214,0.6,14.2,0.4,-36.82817,175.67231
40981,2022,Oct,14,8,140,3.4,17.5,1,-36.82817,175.67231
40981,2022,Oct,15,8,167,3.7,16.6,0.9,-36.82817,175.67231
40981,2022,Oct,16,8,204,1.2,33.3,0.9,-36.82817,175.67231
40981,2022,Oct,17,8,224,1.8,29.8,1,-36.82817,175.67231
40981,2022,Oct,18,8,218,4.4,18.9,1.3,-36.82817,175.67231
40981,2022,Oct,19,8,231,4.2,23.9,1.6,-36.82817,175.67231
40981,2022,Oct,20,8,223,1.6,44.7,1.2,-36.82817,175.67231
40981,2022,Oct,21,8,228,3.9,18,1,-36.82817,175.67231
40981,2022,Oct,22,8,216,1.4,42.7,0.5,-36.82817,175.67231
40981,2022,Oct,23,8,143,0.6,27.7,0.3,-36.82817,175.67231
40981,2022,Oct,24,8,234,4.2,17.9,1.3,-36.82817,175.67231
40981,2022,Oct,25,8,126,1.6,77.2,0.9,-36.82817,175.67231
40981,2022,Oct,26,8,233,1,19.6,0.3,-36.82817,175.67231
40981,2022,Oct,27,8,150,0.6,27.1,0.3,-36.82817,175.67231
40981,2022,Oct,28,8,155,0.5,45.8,0.4,-36.82817,175.67231
40981,2022,Oct,29,8,1,4,18.5,1.2,-36.82817,175.67231
40981,2022,Oct,30,8,353,3.7,26,1.6,-36.82817,175.67231
40981,2022,Oct,31,8,98,0.9,34.7,0.6,-36.82817,175.67231
40981,2022,Nov,1,8,25,0.7,17.2,0.2,-36.82817,175.67231
40981,2022,Nov,2,8,125,0.4,24.4,0.3,-36.82817,175.67231
40981,2022,Nov,3,8,7,2.9,19.8,0.9,-36.82817,175.67231
40981,2022,Nov,4,8,350,1.3,97.3,1.1,-36.82817,175.67231
40981,2022,Nov,5,8,205,4.5,21.6,1.7,-36.82817,175.67231
40981,2022,Nov,6,8,55,2.6,25.4,1,-36.82817,175.67231
40981,2022,Nov,7,8,65,2.8,27.4,1.1,-36.82817,175.67231
40981,2022,Nov,8,8,115,2.6,24.6,1.3,-36.82817,175.67231
40981,2022,Nov,9,8,165,3.7,22.5,1.1,-36.82817,175.67231
40981,2022,Nov,10,8,128,3.4,21.9,1.3,-36.82817,175.67231
40981,2022,Nov,11,8,125,5.2,24.2,1.8,-36.82817,175.67231
40981,2022,Nov,12,8,10,2,19.7,0.7,-36.82817,175.67231
40981,2022,Nov,13,8,293,2.1,30.1,1.1,-36.82817,175.67231
40981,2022,Nov,14,8,205,1.9,25.5,0.6,-36.82817,175.67231
40981,2022,Nov,15,8,152,3.2,18.2,0.8,-36.82817,175.67231
40981,2022,Nov,16,8,214,1.3,24.4,0.5,-36.82817,175.67231
40981,2022,Nov,17,8,50,1.1,28.5,0.5,-36.82817,175.67231
40981,2022,Nov,18,8,228,0.6,49,0.4,-36.82817,175.67231
40981,2022,Nov,19,8,156,0.9,49.7,0.4,-36.82817,175.67231
40981,2022,Nov,20,8,146,1,60.8,0.4,-36.82817,175.67231
40981,2022,Nov,21,8,334,1.7,29,0.8,-36.82817,175.67231
40981,2022,Nov,22,8,155,0.5,61,0.3,-36.82817,175.67231
40981,2022,Nov,23,8,260,4.2,35.6,2.1,-36.82817,175.67231
40981,2022,Nov,24,8,321,2.2,39.7,1.1,-36.82817,175.67231
40981,2022,Nov,25,8,248,4.6,26.6,1.7,-36.82817,175.67231
40981,2022,Nov,26,8,145,0.8,47.5,0.4,-36.82817,175.67231
40981,2022,Nov,27,8,94,1,40.7,0.4,-36.82817,175.67231
40981,2022,Nov,28,8,247,4.1,24,1.6,-36.82817,175.67231
40981,2022,Nov,29,8,206,0.6,35.5,0.4,-36.82817,175.67231
40981,2022,Nov,30,8,296,3.3,36,1.6,-36.82817,175.67231
40981,2022,Dec,1,8,232,5.3,21.5,1.7,-36.82817,175.67231
40981,2022,Dec,2,8,220,4.1,18.4,1.3,-36.82817,175.67231
40981,2022,Dec,3,8,163,2.2,29,0.9,-36.82817,175.67231
40981,2022,Dec,4,8,234,3.2,26.3,1.1,-36.82817,175.67231
40981,2022,Dec,5,8,248,3.7,23.4,1.6,-36.82817,175.67231
40981,2022,Dec,6,8,82,1,39.1,0.5,-36.82817,175.67231
40981,2022,Dec,7,8,90,3.7,20.8,1.5,-36.82817,175.67231
40981,2022,Dec,8,8,100,4.6,17.9,1.4,-36.82817,175.67231
40981,2022,Dec,9,8,49,4.3,22.8,1.4,-36.82817,175.67231
40981,2022,Dec,10,8,6,1.8,16.3,0.5,-36.82817,175.67231
40981,2022,Dec,11,8,19,2.9,19,0.8,-36.82817,175.67231
40981,2022,Dec,12,8,164,0.6,44.6,0.4,-36.82817,175.67231
40981,2022,Dec,13,8,69,1,48,0.9,-36.82817,175.67231
40981,2022,Dec,14,8,95,4.4,18.6,1.4,-36.82817,175.67231
40981,2022,Dec,15,8,44,2.2,23.8,0.8,-36.82817,175.67231
40981,2022,Dec,16,8,83,1.5,15.8,0.6,-36.82817,175.67231
40981,2022,Dec,17,8,65,1.5,28.7,0.5,-36.82817,175.67231
40981,2022,Dec,18,8,2,1.1,27.6,0.6,-36.82817,175.67231
40981,2022,Dec,19,8,81,0.6,19.6,0.6,-36.82817,175.67231
40981,2022,Dec,20,8,0,0,0,0,-36.82817,175.67231
40981,2022,Dec,21,8,185,1.4,27.2,0.8,-36.82817,175.67231
40981,2022,Dec,22,8,114,0.3,41,0.4,-36.82817,175.67231
40981,2022,Dec,23,8,104,0.4,16.8,0.4,-36.82817,175.67231
40981,2022,Dec,24,8,219,1.2,36.8,0.5,-36.82817,175.67231
40981,2022,Dec,25,8,205,1.9,33,0.7,-36.82817,175.67231
40981,2022,Dec,26,8,167,1.1,24.3,0.9,-36.82817,175.67231
40981,2022,Dec,27,8,126,1.8,27.5,1,-36.82817,175.67231
40981,2022,Dec,28,8,182,1.2,29.4,1.1,-36.82817,175.67231
40981,2022,Dec,29,8,0,0,15.9,0,-36.82817,175.67231
40981,2022,Dec,30,8,229,3.2,21.1,1.2,-36.82817,175.67231
40981,2022,Dec,31,8,110,1.7,34.8,1.4,-36.82817,175.67231
40981,2023,Jan,1,8,134,3.5,18.6,1.1,-36.82817,175.67231
40981,2023,Jan,2,8,104,5.3,17.7,1.4,-36.82817,175.67231
40981,2023,Jan,3,8,68,4.3,28,1.6,-36.82817,175.67231
40981,2023,Jan,4,8,56,5,26.5,1.8,-36.82817,175.67231
40981,2023,Jan,5,8,49,5.1,25.2,1.8,-36.82817,175.67231
40981,2023,Jan,6,8,40,4,20.2,1.3,-36.82817,175.67231
40981,2023,Jan,7,8,0,0,0,0,-36.82817,175.67231
40981,2023,Jan,8,8,0,0,1.4,0,-36.82817,175.67231
40981,2023,Jan,9,8,132,4.2,20.7,1.5,-36.82817,175.67231
40981,2023,Jan,10,8,108,7.6,17,2.3,-36.82817,175.67231
40981,2023,Jan,11,8,5,1.1,23,0.5,-36.82817,175.67231
40981,2023,Jan,12,8,235,0.9,21.3,0.7,-36.82817,175.67231
40981,2023,Jan,13,8,222,0.5,12,0.5,-36.82817,175.67231
40981,2023,Jan,14,8,239,1,21.9,0.6,-36.82817,175.67231
40981,2023,Jan,15,8,203,1.6,38,0.8,-36.82817,175.67231
40981,2023,Jan,16,8,221,2.1,24.7,0.6,-36.82817,175.67231
40981,2023,Jan,17,8,219,1.8,18,0.7,-36.82817,175.67231
40981,2023,Jan,18,8,164,1.7,38.6,0.9,-36.82817,175.67231
40981,2023,Jan,19,8,206,1.6,14.4,1.1,-36.82817,175.67231
40981,2023,Jan,20,8,223,1.6,39.2,1.1,-36.82817,175.67231
40981,2023,Jan,21,8,224,4.1,22.5,1.4,-36.82817,175.67231
40981,2023,Jan,22,8,150,0.2,24.9,0.6,-36.82817,175.67231
40981,2023,Jan,23,8,194,2.3,19.4,0.6,-36.82817,175.67231
40981,2023,Jan,24,8,38,2.4,25.2,0.8,-36.82817,175.67231
40981,2023,Jan,25,8,215,0.4,15.4,0.4,-36.82817,175.67231
40981,2023,Jan,26,8,64,3.7,27.5,1.4,-36.82817,175.67231
40981,2023,Jan,27,8,42,4.4,23.2,1.5,-36.82817,175.67231
40981,2023,Jan,28,8,23,3.3,17.8,1.1,-36.82817,175.67231
40981,2023,Jan,29,8,37,4.6,17.7,1.5,-36.82817,175.67231
40981,2023,Jan,30,8,57,2,25.3,0.9,-36.82817,175.67231
40981,2023,Jan,31,8,68,4.3,28,1.6,-36.82817,175.67231
40981,2023,Feb,1,8,43,5.4,23,1.8,-36.82817,175.67231
40981,2023,Feb,2,8,59,1.2,20.6,0.8,-36.82817,175.67231
40981,2023,Feb,3,8,24,2.3,15.5,0.7,-36.82817,175.67231
40981,2023,Feb,4,8,25,1,34.5,0.6,-36.82817,175.67231
40981,2023,Feb,5,8,62,0.3,25.2,0.5,-36.82817,175.67231
40981,2023,Feb,6,8,359,1,21.3,0.5,-36.82817,175.67231
40981,2023,Feb,7,8,126,0.4,55.8,0.4,-36.82817,175.67231
40981,2023,Feb,8,8,212,1,30.5,0.9,-36.82817,175.67231
40981,2023,Feb,9,8,224,1.4,62.9,1,-36.82817,175.67231
40981,2023,Feb,10,8,212,0.4,26.9,0.6,-36.82817,175.67231
40981,2023,Feb,11,8,79,4.1,21.7,1.5,-36.82817,175.67231
40981,2023,Feb,12,8,93,7.9,17.2,2.3,-36.82817,175.67231
40981,2023,Feb,13,8,127,8.6,18.7,2.6,-36.82817,175.67231
40981,2023,Feb,14,8,203,4.4,15.8,1.2,-36.82817,175.67231
40981,2023,Feb,15,8,249,3.1,21.4,1,-36.82817,175.67231
40981,2023,Feb,16,8,0,0,7.4,0,-36.82817,175.67231
40981,2023,Feb,17,8,246,1.6,53.5,0.9,-36.82817,175.67231
40981,2023,Feb,18,8,208,0.4,30.7,0.4,-36.82817,175.67231
40981,2023,Feb,19,8,168,0.6,61.3,0.5,-36.82817,175.67231
40981,2023,Feb,20,8,0,0,3.3,0,-36.82817,175.67231
40981,2023,Feb,21,8,243,0.6,37.8,0.6,-36.82817,175.67231
40981,2023,Feb,22,8,62,0.1,19.5,0.2,-36.82817,175.67231
40981,2023,Feb,23,8,0,0,5.5,0.2,-36.82817,175.67231
40981,2023,Feb,24,8,214,1.8,32.1,0.5,-36.82817,175.67231
40981,2023,Feb,25,8,114,0.5,65,0.3,-36.82817,175.67231
40981,2023,Feb,26,8,198,0.4,35.3,0.4,-36.82817,175.67231
40981,2023,Feb,27,8,281,0.5,69.5,0.3,-36.82817,175.67231
40981,2023,Feb,28,8,110,0.4,56.5,0.3,-36.82817,175.67231
40981,2023,Mar,1,8,87,0.8,40.4,0.3,-36.82817,175.67231
40981,2023,Mar,2,8,63,0.6,54.7,0.4,-36.82817,175.67231
40981,2023,Mar,3,8,90,0.2,17.9,0.2,-36.82817,175.67231
40981,2023,Mar,4,8,92,0.2,15.6,0.3,-36.82817,175.67231
40981,2023,Mar,5,8,89,1.6,26.4,0.6,-36.82817,175.67231
40981,2023,Mar,6,8,77,1.3,27.3,0.7,-36.82817,175.67231
40981,2023,Mar,7,8,99,0.5,23.2,0.3,-36.82817,175.67231
40981,2023,Mar,8,8,93,1,31.1,0.7,-36.82817,175.67231
40981,2023,Mar,9,8,94,0.6,23.5,0.4,-36.82817,175.67231
40981,2023,Mar,10,8,83,1.5,30.5,0.7,-36.82817,175.67231
40981,2023,Mar,11,8,61,5.8,38,1.7,-36.82817,175.67231
40981,2023,Mar,12,8,72,3,28.9,0.9,-36.82817,175.67231
40981,2023,Mar,13,8,84,1.4,28.9,0.6,-36.82817,175.67231
40981,2023,Mar,14,8,98,0.9,26.6,0.4,-36.82817,175.67231
40981,2023,Mar,15,8,114,0.2,21.6,0.2,-36.82817,175.67231